building,scratch,best_donor,median_donor,pool,pool_tuned
Rat_public_Wilma,0.309725878313372,0.2861427604521829,0.3155231619519181,0.2919090766588613,0.2833540082842169
Rat_public_Jason,0.3431444331224469,0.268926795609473,0.28604139767227815,0.27866467601121797,0.2740507403546432
Rat_public_Carole,0.24765219832918747,0.16095624240824943,0.1831430121217721,0.16767709581491483,0.18192791382205303
Rat_health_Rosaria,0.37689423854558224,0.5382256593303125,0.5344973014867668,0.5451092408811291,0.41227189588278473
Rat_education_Tim,0.19559317461758166,0.15652021478670342,0.18364735216886938,0.19072320337150067,0.16413213184832645
Rat_public_Sean,0.6550287256363049,0.8748410616228557,0.8934218721956725,0.9028334193755877,0.7580563821398039
Rat_education_Adrian,0.3019862952485453,0.2751058321795163,0.30875158851244777,0.311886529733525,0.25321386934399276
Rat_public_Margart,0.3061406737128846,0.31036730973049553,0.3753958779527813,0.3686996800197944,0.28606811893881645
Rat_assembly_Kimberley,0.15967458954223507,0.1354183794633827,0.12058815123946602,0.11620069307079436,0.09089399565625461
Rat_public_Johnny,0.4569520397305419,0.4693458851892673,0.4538996727494813,0.4946384616365524,0.5329910277703881
Rat_public_Frederick,0.2836508717097533,0.21370324386951536,0.24987126830636522,0.23685799272126995,0.23199600765041448
Rat_health_Guy,0.29639986881148206,0.32200047881348437,0.3119658703517295,0.35635377177601724,0.3332104001664407
Rat_assembly_Suzanne,0.296301943949127,0.2598982788154905,0.3082708165156052,0.31216099658955027,0.24811790293055225
Rat_assembly_Pauline,0.5118935376678414,0.3914926979876631,0.405527663762946,0.4271440808197007,0.4685052546673213
Rat_other_Hazel,0.16485382681804245,0.20208664014324568,0.19855051272346594,0.2162307762192988,0.20587012902922242
Rat_education_Candida,0.2029446950544251,0.2848843842663678,0.28738641486192773,0.272060068878253,0.2653420947910062
Rat_education_Conrad,0.631789999930285,0.5822281041947824,0.616406796513968,0.6157064360276642,0.6126597035219139
Rat_education_Alfonso,0.28734410597031884,0.34166526489340004,0.3706253991320023,0.37531417000784734,0.3295398977077912
Rat_education_Kandice,0.7266354360489309,0.7997971185067332,0.819325771267162,0.834515042161495,0.8396129804646967
Rat_education_Liz,0.2591809439154535,0.32417513579240714,0.35061387324104376,0.3627820860851464,0.25564536680372746
Rat_assembly_Mirta,0.3413177132546009,0.34319434338818144,0.36125380237862154,0.3413545988608611,0.2540796885802411
Rat_assembly_Gerald,1.2648494411094473,1.0578278883125591,1.1192384049092359,1.164909437276789,1.341088063216047
Rat_parking_Ronnie,0.2895890908581597,0.47136632485214386,0.5187651379257472,0.5287075859172279,0.28533538736343
Rat_education_Dreama,0.4199421638783013,0.3295656065739911,0.3192900772033062,0.3634478560337638,0.41151772044144824
Rat_assembly_Kaitlyn,0.17724055998597327,0.19502197307321553,0.21584575658995275,0.2125704920717827,0.13806356935973338
Rat_assembly_Ida,0.3299307885136259,0.24336700685026838,0.22057874266957442,0.23061358927092843,0.2920852730070613
Rat_public_Michelle,0.4563838340156209,0.4346166351973279,0.49228382994527803,0.5205500865257484,0.4578218664979589
Rat_lodging_Lorenzo,0.5662905317944803,0.4942641704709495,0.5230878783332474,0.514899864907101,0.5549732383289722
Rat_office_Ramiro,0.14127279756551694,0.14579787754911433,0.2166044119773851,0.2103521981488246,0.2177549171990953
Rat_public_Amber,0.3714178517425905,0.31282623236228807,0.3265678028753681,0.32000087398134275,0.33714927674429024
Rat_public_Duane,0.44785603485613745,0.9478801873569196,1.035825193788434,1.038480923593837,0.46441910644063583
Rat_public_Alanna,0.2217589204640388,0.16512258381863915,0.1943275075841452,0.2010938157150321,0.17994478469587907
Rat_office_Kasey,0.29774680905847606,0.3167396803089412,0.3552390106947569,0.3585798549677753,0.25577274246496146
Rat_public_Dexter,0.16384792824919195,0.2100903296331013,0.18966596090848778,0.19129854364441343,0.12688899638384069
Rat_public_Emilee,0.37054796321949574,0.3700331016373801,0.4251027903999901,0.4238367802832664,0.35080164965962557
Rat_public_Roma,0.2963656984610521,0.2676468312906019,0.3243873130379426,0.33541289149401377,0.3097341385028158
Rat_education_Terese,0.1699087171497227,0.1719630552869382,0.14814389246246182,0.1427563920638152,0.13717497884000154
Rat_assembly_Deandre,0.637976734907672,0.5919587418695917,0.6377428805802309,0.6198901993039028,0.6267128780542831
Rat_education_Adell,0.268589893063559,0.24263601438519836,0.3750860300311441,0.37917062080204605,0.27989863416473537
Rat_public_Tricia,0.3393316101651622,0.7438265489141404,0.7586736229540684,0.7797943950478068,0.42306124306326826
