city,win_start,Qmax_kW,margin,A_floor,disc_win_alone,disc_win_anc_med,disc_win_fund,disc_win_fund_tuned,disc_win_fundz,disc_win_fundz_tuned,kwh_win_alone,kwh_win_fund,kwh_win_fund_tuned,cost_all_alone,cost_all_fund,cost_all_fund_tuned,cost_all_fundz,cost_all_fundz_tuned,Tmin_alone,Tmin_fund,Tmin_fund_tuned,Tmin_fundz,hrs_alone,hrs_fund,hrs_fund_tuned,hrs_fundz,hrs_fundz_tuned,disc_all_alone,disc_all_fund,disc_all_fundz,hrs_win
London_2years#0,2447,5.514175653642213,1.0641774643104986,99.20365641063034,69.3387078716806,28.03310612973546,25.018780491083813,73.27885952300409,25.224943291019837,68.74477382131158,35.70905839019571,43.24169052233642,36.05805353803745,646.2264063433399,663.782191460027,646.4579631420635,638.9954882288445,649.3832753688698,17.161132013065043,18.746609989345533,17.0780879408004,18.73816994716353,30.0,24.0,30.0,24.0,30.0,80.54835497508473,68.63653591321153,56.52874177041787,72
Belgrade_2years#1,2873,20.441716583778938,1.2971014991382757,216.64306256701315,37.72459175373805,14.131900557828851,12.15038433449174,58.95322859654073,12.776066540133701,17.112120342565284,98.19412233809106,100.99760613869897,94.63078204325453,803.8448730930188,774.452070293792,824.174216485038,783.4423290548026,742.9764089980383,18.176511671474987,18.894630124053023,17.401833207581898,18.822957305424083,30.0,11.0,30.0,11.0,15.0,74.81210098050813,18.43953321967251,21.927270493216575,72
London_2years#1,3193,8.747784929783647,1.023083889141174,144.6538113396445,10.205580619494416,11.234961910816601,9.471414436422876,45.69226601299827,9.906835864498579,10.953721837749224,73.96415382912946,75.76113428571253,65.7987363201969,608.9598061035207,644.7163764680093,637.1403794018711,635.8581827749716,612.510773825189,19.26270836595392,19.355782616497333,17.846255064216038,19.31614144616506,11.0,11.0,30.0,11.0,11.0,22.56899076540712,44.03995947940738,40.1065489982866,72
Belgrade_2years#0,1844,7.058285923113845,0.9344638323187484,113.78734809541628,82.12987590647785,45.88526815804498,43.525610215274256,62.60054349189757,44.338676195258174,51.620345546502,49.597379692654954,54.005146384624936,49.47930450100437,802.8211532046298,733.8486582118812,686.8453895263721,760.6510483280902,927.654558427955,16.62593848271464,17.90693638243219,17.2344274054864,17.882043852457457,30.0,30.0,30.0,30.0,30.0,162.29461295096078,95.66432894923233,104.4992803411874,72
Prague_2years#1,2682,10.721196581707764,0.9620902033293913,152.7213443483485,124.23428085759195,68.78059603092352,65.5037909333914,61.79847200923207,66.953064485439,88.72013555796153,82.18233907953937,94.15466859178972,92.94486620219428,1176.3548989286994,1117.2270717840336,1076.2792094452266,1161.8282994923727,1122.9434093640348,14.74574012796324,16.738291718929254,16.860210437258324,16.69058334119192,30.0,26.0,26.0,27.0,30.0,172.45341411188647,99.71880175604035,121.14898860354307,72
Berlin_2years#0,2878,6.565205323133816,0.9144203592593242,76.01616498614251,49.72017177072912,58.84221335263406,54.63175738411677,48.46306348846045,48.86750397595603,46.22335670334671,38.67863993084124,38.71682998153578,38.5981461402619,566.2294085791494,611.6655948727183,517.9843184307879,605.0875733162538,525.4452234158109,17.368818447307028,17.230084945611917,17.40126245165374,17.38882623530763,30.0,30.0,29.0,29.0,28.0,91.87365754284596,118.31111251360848,112.14632985257843,72
Zurich_2years#1,1735,16.623278584875884,1.0793184165626402,125.24089688797986,31.81396202673383,32.528078358821745,30.867668727374788,54.35151516527792,31.732331111165372,36.494820849478195,107.24231661474585,106.98549005361332,103.653309222112,1147.1823526488017,1150.6419947553438,1165.3968307098035,1202.7085452623478,1190.026833920314,17.52992310260574,17.470845737741485,16.68921684704225,17.4366246118294,21.0,19.0,21.0,19.0,24.0,99.09542976291635,108.4852271372796,136.9833461718331,72
Berlin_2years#1,2879,10.180647853467498,1.2721283715677223,58.17625080844353,113.51306807805935,13.519842621953067,11.50391534064562,14.403086281367123,12.609610594302605,94.92468368387763,78.30036907502752,94.63099585531396,93.48024805077121,1837.0520592672367,924.6923233848297,906.9847671184752,907.3388542652667,1697.0900007356067,15.56786555769419,18.52027136318246,18.28759241595761,18.430280330040425,30.0,12.0,14.0,14.0,30.0,616.1157407881367,61.638455278035806,56.125267457415006,72
Prague_2years#0,2710,7.829157330035613,1.0372966859007284,99.29942031832134,60.7233245334235,42.06725676019417,39.17134738353886,84.98255581507733,39.78585412046364,45.07434910997736,64.21871056820163,63.08541530642237,60.92997065555831,874.42335242645,850.7518637925637,910.0998803483562,836.6535579540745,851.1917302727736,17.682515693145458,18.219723464478257,16.903203841590333,18.18802498779819,30.0,25.0,30.0,26.0,27.0,138.25430717201405,103.61561345974397,97.33648625843858,72
Zurich_2years#0,2390,26.560770011569762,1.0950573639325805,186.99665629468132,78.44756102635553,47.819196593964534,45.801772356305776,57.30324695460126,47.08297404327611,101.08918412098126,173.46422248362222,179.00063860977994,177.61882739163667,1946.059906343704,1712.2730317201085,1651.9759205273995,1664.3682480859443,2635.8529058404947,15.764009385400929,16.50606946074055,16.227068812880397,16.471600889268515,30.0,27.0,30.0,28.0,30.0,343.8417465238077,104.3195165260225,81.13071339837393,72
London_2years#0,2447,4.574355897890148,1.229251495454186,53.367565100596195,58.85273675160155,18.848696994477667,16.546835783600145,14.814023611766348,17.753503492441425,29.07114445730642,23.639771375851506,25.475464581529526,25.151948454004042,795.2963438006825,596.2033527781005,456.10300914457764,643.1719127123565,530.3783087105028,17.794522946897256,18.85092246784561,18.901911236035826,18.802459185424233,30.0,23.0,20.0,23.0,30.0,259.9985017552525,130.656561638097,154.58265053356521,72
Belgrade_2years#1,2873,12.121913536193444,1.2066021964205507,88.07525700918383,116.72701988315954,25.665674382355938,23.422934652489886,25.46739830760818,25.06843767847003,31.39117855346865,94.95138615052882,108.41081265501624,107.8545601364057,1698.9884115678153,875.5366130202967,888.4593710384127,933.7272873133722,855.4768382720796,15.770688173034154,18.236092316507943,18.122836537715948,18.14269995630849,30.0,16.0,16.0,16.0,20.0,552.6952493722291,38.89041692915387,71.27547937038578,72
London_2years#1,3193,6.701915673385747,1.108724442298901,57.454603363884125,72.84502781211204,5.967563135657267,5.073975602358409,78.31550472567052,5.093982747015399,81.83113229722356,45.161874953019584,54.816003189368054,44.38152881702758,663.3405934756878,530.449480088073,695.8253206803263,513.5318945309534,699.211902351942,16.445107396639006,18.48186075148402,16.27251959381263,18.472430258556514,30.0,7.0,30.0,7.0,30.0,158.3994781349593,35.093887402275456,27.199302158371303,72
Belgrade_2years#0,1844,5.8016064588489655,1.1717682859669043,64.18509594991902,73.27634772168398,23.12626621406676,21.374328413974666,27.276821361680753,22.59663113202461,22.894219790440157,41.443240240954644,43.546141366722516,43.81704150561435,689.8360563241831,436.73903132435385,478.26609102853627,446.529016612139,482.8682159050735,17.280677753998386,18.752582921605615,18.686925390011538,18.693432904983503,30.0,20.0,30.0,21.0,23.0,198.15149688151928,40.29962233179333,44.92739022938485,72
Prague_2years#1,2682,7.260048959514284,1.1214504355064276,41.77291423819824,91.46962630995574,26.405344424093812,24.239426504917862,89.35665580548299,24.519709848545638,81.15980774495108,64.12097623284042,71.41437805713885,64.53955095453287,793.5886433408791,728.7944958316912,795.5622542670184,722.2388287795959,768.1109749969374,15.831848996210185,17.83023382295158,15.93771421596195,17.796036735244,30.0,16.0,30.0,16.0,30.0,153.43744403913928,57.73709865392159,55.29105790149306,72
Berlin_2years#0,2878,19.067562378828132,1.039625532594741,149.69526743449654,88.30299207488878,76.37300276394635,72.51251450628777,80.09655310062675,71.620498587193,111.48674755327328,201.49759864496986,201.49759864496986,201.49759864496986,2007.8943253288267,2109.651730713703,1986.9462434972015,2141.971723386746,2240.188087753282,15.22351919714938,15.620540217724146,15.429877697036469,15.643304463168793,30.0,30.0,30.0,30.0,30.0,191.67911416366942,192.391135434354,207.855257263805,72
Zurich_2years#1,1735,16.382890464913643,0.9205028365041612,240.9651740103759,97.12373334197895,19.827905833285577,17.568627847637938,23.532682942795937,18.087167874456057,23.166419552933533,90.47084391236099,130.72590684230698,126.81981797830407,1263.280033578456,1067.029783343765,1112.2487911450069,1083.737678724611,1091.9269231087771,14.581046638401242,18.272700103081355,17.89889670246942,18.236703508908096,30.0,14.0,18.0,14.0,17.0,216.80973111818,31.74007754506406,36.62887768482061,72
Berlin_2years#1,2879,4.099228675740615,1.251222920143022,51.33110531774035,29.32381233163999,6.815580206963578,5.781267829351261,7.776054594083412,5.803154170038262,50.042566681833904,22.797127497891964,23.51872053285744,22.821766536608404,344.99521699204297,241.11590710526588,260.3991528330721,245.44008375535367,746.9250358279533,19.34080548732607,20.105549907380894,19.503237917533827,20.082126698593136,30.0,13.0,15.0,12.0,30.0,81.37148903895464,17.01274016191449,17.434193146116378,72
Prague_2years#0,2710,8.397120480151333,0.9211915970575091,119.64906626175282,96.3276916544058,54.90674199616636,49.78985799653219,88.61929566382324,49.34553373548221,86.54720114765692,71.73673528443474,71.75129837540558,72.10606367704212,3104.338811972049,1197.0925305694702,2204.2349341358204,1196.2323895918203,1939.6062204794491,16.709803483809516,17.83367259816692,16.906907168163386,17.84256568230674,30.0,28.0,30.0,28.0,30.0,1198.8582377642692,186.2275889115289,184.43436573912788,72
Zurich_2years#0,2390,14.348165180496599,1.2037509719302741,116.0166959242809,20.085197693768368,25.191748768593364,22.244490151244083,20.61764932963095,24.790100343557995,72.75672728999909,85.41587373881363,85.1409344246289,85.17988316389865,779.189315003476,807.1276131978062,841.724461646326,834.5913794414421,1265.462319191104,18.554676092476228,18.461073700365276,18.532880430860125,18.355538923010297,21.0,21.0,21.0,22.0,30.0,32.03306078082195,49.03449124882205,62.90265960423089,72
London_2years#0,2447,4.975640005359776,0.9677484311950156,74.55003295890793,75.46839304230697,48.7201469375715,44.59632360534224,35.5638160120025,42.685307236164164,34.621042791986895,37.570928658218136,38.5445408887563,38.15659122037218,1425.1446542007122,922.6459706555786,643.9484009200324,864.2103517182046,644.8743659222565,16.748609795668926,17.55953110128711,17.819005860365557,17.609929046782632,30.0,30.0,27.0,30.0,27.0,494.49949076460996,204.34208883447982,173.17961418823592,72
Belgrade_2years#1,2873,26.667954212057225,1.1848384287595128,221.4801108423154,67.19417930890734,25.732786519308906,23.782996177675347,25.045195374973673,24.977757344651437,26.64088015810439,176.39449480724383,183.05931706375446,184.20144404202478,1357.998813641224,1508.4548539055127,1369.3693782915036,1407.8950649580515,1366.0428747847545,16.29589656987525,17.264043179687178,17.25072649195773,17.19238293031641,30.0,14.0,16.0,15.0,17.0,109.54145087408185,95.37594697668679,49.32571648922505,72
London_2years#1,3193,11.372218526483284,1.2515719719692748,129.0569217349354,22.290291182147527,21.488156464303067,20.566939650516534,19.743596510503018,20.166902968706385,24.202369040846847,102.07158786248108,103.2494302186838,103.58029158751496,939.2815366414934,1019.6565955391939,967.9818211579815,1065.2345333172755,948.9922312502981,18.827875665810172,18.927460843735716,18.96708718675374,18.91301730321327,21.0,20.0,20.0,19.0,23.0,70.99184883116092,95.51831536050426,114.15581986875667,72
Belgrade_2years#0,1844,8.892918099454171,1.2771977321848071,97.95256704199278,13.403491048681385,4.467480760147188,3.2948263641988795,16.93755317180881,3.05369441781459,17.99730388301985,48.94699138834339,63.55133328727922,61.598421047022065,849.8791566741588,510.9295607043792,516.392241856061,503.2049229018965,539.1264597687477,16.894137252443546,19.77526081998777,19.319676662326298,20.113719647520885,15.0,6.0,20.0,6.0,20.0,193.49021947443873,16.128615079655226,8.496175091507467,72
Prague_2years#1,2682,23.425110689010197,1.0313019513123236,220.5531880925103,155.2034594351206,58.642368467842665,56.2192740369369,63.871964932825605,57.97876473062533,68.26793049925877,114.65697741495056,173.05810240909219,175.6147619511099,2562.1232293705134,1810.9706536578826,1666.8343600015664,1873.7909072105567,1705.0711270946147,11.664789445100624,16.73290822227659,16.51711833903291,16.664881861505105,30.0,23.0,27.0,23.0,27.0,662.128239262062,169.05457576153196,204.63215996442932,72
Berlin_2years#0,2878,11.753661450810512,1.1633734537523441,117.08399695527692,71.50956047920124,49.47870182026901,45.29441308882117,74.08539625393145,44.33842475274132,42.77631524181088,97.12693304873478,96.7866343083549,96.78842655741954,1110.119318064611,1060.8916709352795,993.6593820510013,1058.7188536455533,1011.8752066353283,16.588203280324457,17.28836435948115,16.518482511778885,17.310187169800813,30.0,29.0,30.0,28.0,27.0,153.78834563190406,116.10520393951421,114.08235484084311,72
Zurich_2years#1,1735,12.407119516566546,0.9096411442645024,129.8559262509623,122.37036683294211,57.63249885982111,55.77286219370362,56.807003548793034,56.39156660493778,56.39156660493778,66.26833136337234,73.75672990755818,74.02373494756296,1522.073680293052,1139.7527432671443,1005.7738455044557,1095.8633427720117,1095.8633427720117,13.33619848413088,15.68471641059068,15.647799578776224,15.656548222032024,30.0,19.0,21.0,19.0,19.0,402.0534247028985,182.80194864090302,161.84350197091382,72
Berlin_2years#1,2879,14.21704954307986,1.1674212553997636,154.7252272519112,84.14677783724488,34.057515411465516,31.75857294274362,87.46190662747604,32.329306406269566,34.08892746248505,74.29581930121387,81.44950555182888,73.76027394768356,1527.2936195054565,1046.8649317182362,1564.2470164518854,1024.263167759804,964.077519081847,16.96633705251198,18.390145413200138,16.858651006860775,18.355046349026928,30.0,25.0,30.0,25.0,25.0,447.7090376486153,136.45502922994302,123.82721916260236,72
Prague_2years#0,2710,5.668259761792093,0.9934917167116074,68.30154653821208,122.78444369158916,27.624496643344763,25.58228907019375,18.053161796738543,23.996787720896275,39.47095469041159,19.105640600735384,31.230960702705353,30.56316929613058,969.0318615397674,650.3554373772242,454.14403796783694,556.4092653471598,624.7953936292388,13.335572669900404,18.36087531182547,18.720014133196717,18.430459446568662,30.0,21.0,18.0,20.0,28.0,325.37283834730795,135.6510836201233,87.57921906531698,72
Zurich_2years#0,2390,8.240912347238687,0.9407423530272108,99.41623081565139,65.69322783288051,49.39922777874541,45.52481062623988,95.85901111376899,44.69791229844916,40.492745391950464,65.27776694964291,65.29559528771614,64.07069409495442,784.0880115008476,738.7109629755273,2089.2171549102686,735.1459890278173,691.106611816318,16.525481431352745,17.063355213895484,15.791385158277208,17.09035121895833,30.0,25.0,30.0,25.0,25.0,113.31077616543456,78.42043785332615,76.3628533840855,72
London_2years#0,2447,12.253402861757195,1.2133574934515479,160.6842801112267,29.816627627605797,32.19326784320805,29.39265171904754,29.738016956642504,30.80222167059856,31.29887056131224,83.87608627911585,85.62325233500276,84.29363912531608,1254.4749283136732,1526.4408235399465,1237.9540504850386,1479.7171804540483,1298.5586909318963,18.038585784642944,18.10546485003048,18.07463880252072,18.05500006360524,24.0,24.0,24.0,24.0,24.0,131.68317560010672,279.4556271544134,256.58160997919464,72
Belgrade_2years#1,2873,8.489221732799011,1.0907433911994282,61.10454228379179,88.34116801285684,2.2903242221625053,1.4216830984746807,19.881555118552942,1.5426095194396225,43.4366317889992,60.653413423347274,71.33103318853466,68.79782287774606,1034.8495859574668,521.6517457699225,499.9854760847712,527.6275528480871,551.6331261172563,15.723475323949694,18.57198657742187,17.564207805704726,18.530523306284117,30.0,3.0,28.0,3.0,30.0,335.8380601737323,19.727082316114448,22.549855996507183,72
London_2years#1,3193,7.349985295663956,1.1708797998046503,92.17146547605996,55.60841494640836,6.014544765733307,4.982145221383426,74.8580504709502,5.436756972032658,10.862185940935614,46.65255605559508,56.67409410689215,48.7934483542292,540.3451646135255,507.71250528522336,692.7484372343365,510.83341888051405,522.6576013126573,17.041777143627915,19.531778100294254,17.415389400669525,19.36248833446587,30.0,8.0,30.0,9.0,15.0,66.17887159405498,16.391992347330206,16.46484360265131,72
Belgrade_2years#0,1844,5.039949261098867,0.9666932507835506,67.3439281967417,80.36532882103093,45.05944439195856,42.41073805916881,39.28342161148808,44.13398139118553,43.26638453305673,28.087108189493126,31.283585707818606,31.430613389299975,439.5047138872296,436.2156811145246,548.2878352033421,469.57717222106373,555.8674456075829,16.31656706645387,17.62789330017469,17.721846679057997,17.581256937239694,30.0,30.0,27.0,30.0,30.0,100.74384801524195,85.097535557775,101.86106502204213,72
Prague_2years#1,2682,14.67073178794908,1.2748955590873097,132.5686523414812,59.407209245795826,11.810154505967798,8.636535522384541,74.0394443970151,9.905091415077944,46.403067041858684,119.65065903317445,129.02042562839839,116.78442054615081,1066.0796450795028,1055.030997571206,1121.1299170081252,1059.092582320018,1034.1178033727006,18.123847631994586,18.987901829149386,17.638110750888835,19.174071611807896,30.0,13.0,30.0,14.0,26.0,104.26285082575933,18.387548081277266,19.1838057893677,72
Berlin_2years#0,2878,20.85205502799376,1.197814666726158,201.28646266815161,66.13596390795401,54.66299305992638,52.84205644116168,48.941713094459,53.027067860328856,47.94557144461912,160.00707622999397,160.56661038572145,160.00707622999397,1465.6583882240943,1557.6857249822813,1484.9180880641616,1550.6080145341202,1474.6843845237627,16.094561348099198,16.41309313233703,16.51075603172628,16.405173757768857,30.0,29.0,28.0,29.0,28.0,119.0978798237604,128.18804471321252,128.95499387030617,72
Zurich_2years#1,1735,8.000752410756299,1.2709633446539015,106.16524281602636,33.92170241214146,1.242335172909991,0.3681508586361204,21.020663931295672,0.19946441415570604,7.92171641983845,41.45769693894566,45.839618017073526,43.12120332404726,500.27951584529956,356.1162460599863,388.67691278699044,366.0387904913939,354.94717177124517,18.946513762225372,19.864554171712378,19.486705910138426,20.668252172056977,30.0,4.0,21.0,4.0,10.0,107.26312418738236,6.217997901257288,3.35884508998544,72
Berlin_2years#1,2879,9.574063206295365,1.2435348007296303,125.92457017466907,60.016088467898506,14.525010243981054,12.429188808704183,9.593767345049525,13.792686247093378,16.487581846311638,58.32064564614464,70.34165227980607,68.65029354061322,674.4498152315145,673.5100989270244,642.0871868901255,688.5559057367323,687.733369999504,16.92827194742148,19.055895413747912,19.217571951164594,18.974522758968423,30.0,17.0,14.0,17.0,21.0,64.8241771950758,41.16899140982923,47.81018596445839,72
Prague_2years#0,2710,13.169915656893213,1.1789515227994083,145.45482671634159,85.31094013614471,16.841938666393794,14.787241979121287,19.162516503060544,15.808327276915211,13.273857422456832,93.64994595808653,105.2316132101766,105.4545080808594,3183.9109313498557,1112.467251298064,1179.3276030392271,1146.593511617974,1093.7280891494486,17.269149715317514,19.04538144917483,18.8509974398168,19.049769876668826,30.0,19.0,21.0,19.0,19.0,1165.9215978064642,37.60642742486307,54.435895740883346,72
Zurich_2years#0,2390,9.405259602142419,1.2219541035473398,62.594516330877525,53.74067738237403,33.016848211800486,29.365124399304687,90.13396946883596,32.52836065467625,34.5934921166194,52.11319674394779,53.657320592631294,50.12479553353271,872.8154748919806,744.6883691355331,2218.0287657427025,706.5613833040751,673.5335702680504,17.367623424925032,18.08560866275101,16.391751909997726,17.98503507261375,29.0,27.0,30.0,27.0,27.0,209.27769287774342,117.86954383571066,99.24972351806299,72
London_2years#0,2447,5.002332636826638,0.9964585133639126,95.35728449170766,65.16954972995059,12.888168377196461,10.246136817286189,56.830930805198335,10.687232288606985,52.407210958586084,18.443550345234183,31.38573445914953,25.937839397684666,541.7221552870417,461.1100769421893,489.8675569851482,469.23293021876555,480.7978756242841,15.218697454660623,19.423046335235565,17.02275370291315,19.401156131002253,30.0,19.0,30.0,19.0,30.0,83.15793591301436,25.063406682065867,27.600524444631198,72
Belgrade_2years#1,2873,9.22403811633634,1.0058432671338382,112.20359054587193,76.53602546144765,26.435233320249537,24.270742771272612,24.449415801102155,25.822607262334543,22.956713917417233,57.51195132690541,65.91968148621955,65.57250881925552,659.8277758204288,583.5025002401447,537.4361229106207,602.4210236621933,566.6292596193053,16.19881912753282,18.112081128374005,18.135803616496634,18.04087779619394,30.0,20.0,21.0,20.0,20.0,129.7971319964341,57.634021526777296,64.20006423356432,72
London_2years#1,3193,7.604632968942564,0.9786386403453116,145.1452257839033,81.4495740928748,51.26743873221841,47.16783790233784,91.57147453514207,47.648872370583916,77.74653365358333,62.46017364451433,65.98519133305194,58.772801676242786,733.8633081103758,761.1208269852079,772.9732724584927,763.3537257327738,750.099174356589,16.234054596001624,17.223401352529248,15.723230937565798,17.210725155219922,30.0,28.0,30.0,29.0,30.0,94.46554253852608,70.73205648115737,72.06972593975172,72
Belgrade_2years#0,1844,5.907169560702393,1.0507320033741325,49.38931695186433,58.71907549649674,47.49053371254925,45.82462231081947,112.4146494829474,46.85053456625005,69.01268242253543,44.59401784605073,44.68697169911691,41.48935042848617,676.7029939872345,685.1501495674038,1869.6400112757212,745.2059285806318,696.7094769101036,16.642004862893266,16.980295728582202,15.188083246873818,16.949928720024342,30.0,27.0,30.0,27.0,30.0,163.02491129291974,148.48242066105288,178.82829049414767,72
Prague_2years#1,2682,9.036716373380097,1.053747774237007,77.92123700981698,72.91741699513769,49.5623446685958,47.266440513274915,43.303878670604696,47.290726493391524,56.17339257701509,68.40227485775502,66.328961243373,65.20966331756179,809.9868160053322,821.4485490393577,736.086071218849,784.7978508646751,784.0598435904129,17.154805407550448,17.74474397962701,17.88581419927391,17.732436393531646,30.0,24.0,20.0,24.0,30.0,137.41665634470246,115.51214008573972,96.3239941121576,72
Berlin_2years#0,2878,11.484486992473961,1.2634706313137312,156.73282331026962,60.11607675723602,6.524060737751901,5.010425031975252,52.99465719247732,5.371832435160705,12.02906102234559,96.4062646256386,101.65232188758044,98.09923165946718,1402.8354772213747,782.1188610256635,1308.9431947094158,799.904530660219,769.2139825766133,17.81437935378428,19.462983311918595,18.06175253289973,19.42087332560414,30.0,14.0,30.0,14.0,27.0,370.21258245289437,11.643954187141567,11.815024533697063,72
Zurich_2years#1,1735,6.472123266083078,0.9675918756120311,57.52766849381396,72.53693772773582,27.285852324705253,24.44934426235141,32.79141230165449,24.94261765704129,24.321628222044016,34.51101105021149,36.38049341171383,35.14877434145551,781.0570545940777,596.1200285560794,497.41105166550466,627.2899939836952,553.7708196768095,16.350155416804824,18.024190368673025,17.57856062310219,17.990573282816534,30.0,14.0,20.0,15.0,14.0,226.67879149963017,103.00082905065227,119.40684628090322,72
Berlin_2years#1,2879,7.002542898525174,1.172679632265329,90.82120020599021,50.37462994372554,9.724880104122008,8.242350850218909,37.42960436614029,9.50981038024652,29.58241857552081,38.8937605423297,54.36380893596278,52.3923584174666,673.2682479118129,486.1072463860493,581.1351986186426,512.1598350688055,535.3621417084123,16.82784720535216,19.43447559900944,18.67993623609365,19.341872646224132,30.0,14.0,30.0,15.0,30.0,127.31664947031688,31.91615860743397,43.91857629587123,72
Prague_2years#0,2710,5.967085899574645,1.0792294453074596,55.98689345953416,86.15902787146624,33.74081421134012,30.96704372648701,78.69242035583905,31.73479259283801,31.73479259283801,38.25609061154531,50.05073591186813,47.05388180645904,1456.5098985756936,782.9293101867285,1111.707344309701,830.9106980093715,830.9106980093715,16.149280996392026,18.590387241240308,17.058012373391087,18.55797467886424,30.0,23.0,30.0,23.0,23.0,476.51091340342947,128.5947287309586,153.4860617976501,72
Zurich_2years#0,2390,16.153943321088065,1.1183556799783332,107.10960804963996,132.59778191845757,59.40607726438843,55.50901750823043,57.684297497517264,58.28996280548412,131.14641691240752,137.47483335704908,151.25772727962388,150.36350503214655,3781.3763661865464,1688.805681919944,1618.0558285279342,1768.5402578742041,4003.111801007569,15.019636294929866,17.193155095039124,17.130307018046544,17.112582405326823,30.0,29.0,29.0,29.0,30.0,1385.9796623300954,173.24930171617947,218.71770187329813,72
London_2years#0,2447,5.363251673728359,0.9131286406681558,103.0482553442313,66.15302917598189,38.46213839433196,34.22380440877042,80.88974011906775,34.23726965438963,71.68241443531392,31.316691623319745,31.256068554354684,27.68596058267816,1318.6564729978995,639.2749100389856,636.7936024840744,648.6675017502108,599.1163773697465,17.558449076199437,18.335466850283723,16.973396346499083,18.33244201559697,30.0,26.0,30.0,26.0,30.0,453.37127302764975,77.28081365651954,80.18851901948834,72
Belgrade_2years#1,2873,15.4889626197521,1.167913052715073,129.66149359478945,68.03172529824344,15.169112133287664,13.165392739761632,37.076793547213676,13.948361759497736,15.97080748766119,99.17913748719953,110.0028866333432,107.50748649347933,849.5516934015802,901.8003161082371,851.172404631486,836.3618047799101,832.2230066846266,16.381413895250404,18.33902987698501,17.703225591576302,18.259225301753716,30.0,10.0,27.0,10.0,13.0,102.86620994773304,57.93179763151926,28.203807025071594,72
London_2years#1,3193,6.221368218804853,0.9274645645980257,132.41659210498426,70.5708704425892,26.161260689701635,22.807386063500815,62.14480892421286,20.145470300171997,83.3519755730293,38.3826559048708,48.99196651102907,44.96855644129256,605.7612074149201,520.5000296092453,576.6624924791081,530.7756990517108,667.3052592186407,16.85318598233152,18.72776292029289,17.41490203301256,18.832455827548472,30.0,23.0,30.0,22.0,30.0,80.6666489508597,24.15008726372472,23.063550912381103,72
Belgrade_2years#0,1844,6.485218006228445,0.9097534151400388,85.71007920107084,142.27171194888766,78.01110045435398,75.2555637819697,93.23032488503796,76.0469005602561,74.99910839919487,21.39664028976252,36.07425355679312,36.29328440716154,974.1550146429463,715.675656961326,945.824374908979,828.0818228094136,1002.5163820680333,12.501913904314321,16.179807258220986,15.69670672128776,16.15854259871242,30.0,30.0,30.0,30.0,30.0,298.0990311469803,153.58493687511645,208.27866922439367,72
Prague_2years#1,2682,14.437635070402253,1.1841593344062433,143.47991065064738,9.582031716363929,10.520857617048437,8.862742583267405,37.987903793460276,9.194733409574635,66.89786246336976,111.80985995583023,111.38212877682734,105.97426155231486,796.143852754432,814.0256747341637,811.251783325506,815.3903035276032,849.2747980932892,19.26171257183008,19.332441576066522,18.147365681432202,19.288122182633867,11.0,12.0,24.0,12.0,30.0,17.760223359010133,16.715264903639717,15.410936740564487,72
Berlin_2years#0,2878,6.395927731827377,1.0228513670120472,44.933555604129644,61.69995462390978,66.37164901671268,62.49643506794064,110.93285101603331,62.81813000537113,73.72240947145818,54.83566813044164,54.95364345488766,53.09718285561559,741.7130913257834,767.4633374996064,1118.6932051133094,782.0723686260037,798.2375221009876,16.231406677393842,16.212075273776875,15.011148519212277,16.20341734755185,30.0,30.0,30.0,30.0,30.0,135.38176890506966,145.8727672494999,154.60148647309586,72
Zurich_2years#1,1735,5.8779715485530595,0.9853023472009704,52.34941222124937,8.351291231095527,11.692032490097032,9.883007165353902,30.97238050485071,10.643010809560863,29.755816572441542,43.217096218036616,42.4523050104769,40.1245235893856,445.91373135148615,465.693555828003,491.4832572246919,486.73011204838815,482.4213042517965,18.954149565066576,19.0212526337533,18.076051877152224,18.753754715479282,11.0,12.0,20.0,13.0,20.0,34.670451659439394,48.14275667174711,60.0560861107723,72
Berlin_2years#1,2879,5.598204729246847,1.2915632070731888,65.03406192497802,45.937367029234856,3.0640299773455,1.8365914339927016,2.7588286269196516,1.3077688675235137,1.1730220911946567,33.45729861615812,37.76519894414887,37.55827872892456,451.5948595486012,312.53836946520255,310.6407850360388,321.6765808642607,297.16445411716006,18.737286321102204,20.56413907325038,19.57322593166823,19.65769167038371,30.0,9.0,9.0,6.0,8.0,109.96061861944088,11.632543875929155,13.217846469410087,72
Prague_2years#0,2710,6.827179159717323,1.1261699936612044,53.102337882020386,95.36541446584039,18.480782595717052,16.268228566863563,26.618731220273656,17.588393225434018,83.03915981077805,31.12468026277532,41.834596435028864,41.43548336836505,2218.6754553541978,612.0932531671226,644.9525381030729,605.2159717522743,2307.7604077447613,14.247642552870142,19.31200487561805,18.547106037900903,19.25030750055449,30.0,21.0,29.0,23.0,30.0,920.938736046536,79.38380172630605,76.86594589077495,72
Zurich_2years#0,2390,3.895144067159778,0.9725034083334242,40.25496770036601,22.284514151685,8.855501195953355,7.128343543182499,9.093624835337053,7.588148064101841,38.72492304009588,22.41229858286273,22.924767801206876,22.44000678635616,238.72220003747097,180.35307198441546,176.73898872690717,182.88417303127588,299.3433851450054,18.23323888852459,18.828220049261265,18.680453960078196,18.794000084621857,26.0,12.0,13.0,13.0,28.0,48.609097895196314,11.903067413640276,12.597175576079138,72
London_2years#0,2447,3.608365318422631,0.9618735513860674,68.72730463739263,34.334212996121494,5.2550949915253025,3.8947462347767576,41.372737701596,4.1071567155744795,46.138756894202245,18.424458972509395,19.141316011268987,14.983830862852141,307.6892508197601,234.23067644753414,269.42979743373303,236.16111031670005,281.5249228571155,18.276195399650575,19.196089202573216,17.23775784914298,19.172652206992645,30.0,8.0,27.0,9.0,28.0,64.41572411693176,6.590502514908653,6.260153995385018,72
Belgrade_2years#1,2873,10.641463782755288,0.931221385342531,95.46499690117368,42.35004468679321,42.70438148824266,41.19389020846512,99.34210955258861,41.823606179796485,54.5974900976238,108.15037801824951,108.21323541903439,100.65264207725649,1014.1106315580566,1022.3129994963847,975.340568860888,1059.9682470638843,936.2411502164297,16.576422370558564,16.61948451970161,15.093854703393536,16.595653136220903,23.0,23.0,30.0,23.0,30.0,103.40367907557764,113.90984166419585,131.72276827440993,72
London_2years#1,3193,5.712230961455573,0.9443039540571315,68.38260146072251,87.06680552931107,24.77636610373588,22.816317844120828,21.841850338583985,21.84105626807251,50.889987061251624,27.86270240910073,36.64673622686747,36.178357274078984,682.101785996321,594.95106948514,517.0380540463836,611.3003183139676,500.55168929960115,15.25441763874562,17.97361701246293,18.01470672614156,18.016597182488617,30.0,17.0,17.0,17.0,30.0,193.15609072691748,114.55280131493298,121.4299220945323,72
Belgrade_2years#0,1844,10.202351964851234,1.248445914248754,71.08815654037154,33.113171417468465,18.22037094928282,17.130135784684207,112.10629059758871,17.687298626431936,30.171776994346853,89.07727041329674,91.9136341532341,76.8443469223025,856.611529698928,912.847962738426,2883.0276009442055,913.1259848492709,923.4272319680563,18.257577452537344,18.72997880965833,16.111902789282922,18.685894837854764,25.0,16.0,30.0,16.0,21.0,97.90949525261995,94.3807832453552,94.41824506871191,72
Prague_2years#1,2682,15.740047656025839,1.2029195021964005,121.22810575575508,36.81749211485406,24.148801009429718,21.466379646567948,48.78592141684864,22.216727544274026,50.47925971134354,112.49060016604221,115.85001490895606,108.75543891619218,897.6458747210595,940.8930425451745,940.3646540791729,967.4713023458753,931.8070834418186,18.12412305362659,18.55894524823864,18.167249447759772,19.114579787033374,25.0,19.0,27.0,19.0,27.0,48.15444123803076,47.139013457132016,55.238764600831814,72
Berlin_2years#0,2878,10.590030187734456,1.2576333439613452,112.49750959222749,44.253043878758405,46.96999941469761,41.07256106018535,37.58290584197218,40.757417362665265,42.26338012024725,92.41328944436592,92.28893982221071,90.1602109885875,915.9764405391289,953.3379791986976,938.2726084000785,1020.1276145784464,961.815988681165,17.523756664768374,17.61249696571277,17.70857450009656,17.617382540379275,30.0,29.0,28.0,29.0,30.0,56.45369823523986,73.90869345617932,104.46821294411077,72
Zurich_2years#1,1735,11.994647758254837,0.9242800584372882,121.77365489219132,28.259693375169824,31.64830100837143,29.23620867688766,30.935566785808298,29.506024601049564,28.60526507221691,125.77977883087173,125.65300942603734,124.88476478958312,1493.9497045213525,1447.8199881468197,1577.8387338797022,1531.6462774417726,1500.1212684892448,18.26199935557826,18.21518261747147,18.141181366926354,18.197155545773597,19.0,19.0,19.0,19.0,20.0,139.69579733878987,126.68010216109745,165.95123392003882,72
Berlin_2years#1,2879,11.753110436685787,0.9647782810555913,122.66405566801735,80.48217805039849,90.37259571268896,85.26754931344723,79.82409959653327,85.19488862893047,100.29878403840756,80.89526017433992,80.89526017433992,80.89526017433992,1257.7979286055697,1352.684591404391,1292.1375342896185,1210.32650661874,1298.3860702262018,15.874569587924595,15.749228709837633,15.891688842838382,15.75138856578286,30.0,30.0,30.0,30.0,30.0,176.90992748193617,225.699221323562,155.11203671586318,72
Prague_2years#0,2710,8.242779228329347,0.9257856981119446,182.94012764625003,51.14565810804692,14.998232777080366,11.620589363613309,59.642453363136774,10.460041591693066,82.74186091124974,45.48767007198408,54.19141941148524,43.93512709464524,611.9165771598203,579.1841550269286,638.6432169670331,591.0989906627224,816.0331702257549,17.81232672506619,19.79362631025724,17.49279294781395,19.83205640393451,30.0,19.0,30.0,17.0,30.0,59.46818532029894,12.387065723440678,10.738045049638657,72
Zurich_2years#0,2390,22.03561212271402,1.1546669764552402,142.04408545961832,153.4117117112693,14.730503837921974,13.137574659441622,42.13919735892045,15.197627003204065,80.58604660598377,89.56137839049188,144.61149197198276,136.74854521354183,3816.0605371238753,1377.5259373404974,1354.2422296537568,1363.1471595339638,1855.1362820849117,11.077061792779356,18.62498618308786,17.64704791052232,17.997124020428384,30.0,18.0,27.0,18.0,30.0,1415.3612296394879,78.46581927605052,72.17989795098788,72
London_2years#0,2447,3.3770293978566572,1.2025611327304593,45.72927182999665,6.83892268726083,0.7263591510009917,0.29603173150482576,40.834472601876826,0.3428357031859406,33.12979079094234,16.453720711471597,21.275622229151516,19.159674414746437,264.0667498611863,238.2466486319079,383.35785731736917,247.74378430086963,451.87951121178594,17.524908404233788,20.215708350887372,18.782308813096922,20.19205892878125,13.0,2.0,30.0,2.0,30.0,10.933929044796422,1.3977035820735715,5.767554197613162,72
Belgrade_2years#1,2873,9.59914274061973,1.22779962267406,73.13221542437766,21.011873912105738,12.261912038700194,9.56268132817187,11.443986545768634,10.804512057500173,15.52538465336141,64.57898722418315,67.02273456879287,66.81333255558978,590.558534105783,585.2228330750438,588.7640635730771,612.75721065426,592.3114289737522,18.330429756171988,18.90521933608844,18.76353017880904,18.818760434131367,20.0,14.0,16.0,15.0,18.0,46.0844943024189,23.301242908295208,36.81747877821394,72
London_2years#1,3193,7.80910521598149,0.9011832274475667,169.29413327390802,76.27602282137208,47.26103501851484,41.704201325878365,70.5109007703237,40.8181443747035,69.8283298563674,49.67486992047939,52.1289035038634,50.45397355229282,768.8089999027977,753.5882813926783,760.7879949036951,765.9644680878342,741.5047558716077,16.769707871050663,17.80724116230076,16.956100431559456,17.833786846100594,30.0,30.0,30.0,30.0,30.0,87.53722075593095,56.37185970085484,59.71427738351049,72
Belgrade_2years#0,1844,8.102184931264938,0.920566017990496,127.69342222232918,61.19565297537003,64.60416234265656,61.68747428199406,68.84131852126472,62.32592183043991,69.39746490849168,62.89041407169962,62.5483706146298,62.89013362559721,1037.6749695074616,772.2070405194193,862.8294689612547,784.8414167185309,699.9171087684518,16.791448311951353,16.778771281372048,16.584913664905205,16.76183777256605,30.0,30.0,30.0,30.0,30.0,249.73241184955816,106.38048700041944,110.61149695868124,72
Prague_2years#1,2682,20.60822101935387,0.9757883907324424,183.50905525072253,109.20157643955748,87.5797683349287,84.67194040777244,86.84126873102404,86.42849337285267,107.76310585574537,172.1805349469485,172.5845204511495,173.5696201443284,1905.1535186230087,2039.0573742207234,1996.5164434025583,2237.438194797928,1971.4117531362854,14.95897383473915,15.519834828056274,15.45833363845004,15.468085024470495,30.0,26.0,26.0,26.0,30.0,206.42894546119146,196.57792015761999,300.082434926263,72
Berlin_2years#0,2878,16.49988828137941,1.0302523002465402,137.28369648446235,136.06341174028756,89.87211033894988,86.16816401894884,98.75400828539738,84.35572169564401,120.27690829794892,138.33989778325127,142.0799545979327,141.5848124585004,2179.463446644017,1859.6421276768378,1591.2001843591693,1832.2990771988073,1592.4869556314027,14.14229978839555,15.35266646585613,15.048796682227184,15.39703159440464,30.0,30.0,30.0,30.0,30.0,580.1844014865474,291.4223361004714,277.0073945114385,72
Zurich_2years#1,1735,7.699111033073754,1.273360881597991,52.09164301818266,40.19044805693039,3.231923028068362,1.6802546035055066,43.61677177250424,2.5868720818633903,6.539041874932622,50.179861700977035,55.55586279824754,49.34887783115073,557.0463934835435,480.32742111932924,553.8159736800771,487.70006065201795,514.7797821871972,17.841955884695462,20.068354880362406,17.836749130103225,20.013641643898165,30.0,4.0,30.0,7.0,11.0,93.42373450542237,13.155657078856446,16.57513911484425,72
Berlin_2years#1,2879,12.07647390960149,1.146488444912156,151.28110828447237,79.28378269205238,25.900086525404255,23.325465118981985,21.38634232877982,24.761522850944953,36.31302791464209,82.07667441245566,96.89041582004322,94.21897872593496,938.7639342108873,911.4576765196106,883.9775466803054,966.7248341517019,959.1003029623259,16.557039499975396,18.648451846947996,18.719473465343093,18.583535310032193,30.0,21.0,20.0,23.0,30.0,113.75445757160352,52.102879769888034,78.95310008571016,72
Prague_2years#0,2710,5.022617588835664,1.1195903046265832,51.471325733779125,40.30967669716693,1.4208537908200913,0.4388248636526413,58.26761646593086,0.6715480941156216,23.82006015651291,34.189151478410714,35.631299816841086,31.133882385379987,513.5140544608005,365.0715275443956,610.1239151208437,363.54579453541913,456.3207676118107,19.01763039889827,20.07001377484628,17.706946669449213,20.032281041118605,30.0,4.0,30.0,5.0,30.0,102.35609248281074,10.959384751490578,10.19515661190841,72
Zurich_2years#0,2390,8.657506672719062,1.2016807426095228,54.82629495401044,98.43811088193549,6.952220433929016,5.516737801721881,83.59921649416151,6.792569743997348,79.81403249650596,69.34816269120464,78.88781529589984,71.31386948353754,1011.6308568256912,688.225397596109,1218.234399329441,698.8619876084796,883.5056772665441,16.267407196004935,19.184022435839744,16.85146013435574,19.05106934786036,30.0,9.0,30.0,11.0,30.0,268.5107370488623,29.226088980732683,38.162385422468006,72
London_2years#0,2447,8.390750643054838,1.0639095090139836,204.57155018172716,65.769177890247,38.827402669653054,34.389822206395976,74.43756414507982,34.337594714963565,69.38401759111375,55.46684522566546,55.66504180068514,49.76941637081966,1628.2675887619462,882.9651729483547,879.8527273525008,894.1225156924679,877.4458457200262,17.646308572952307,18.508486744945696,17.189389529508023,18.505110603654742,30.0,28.0,30.0,28.0,30.0,472.3639114225195,46.08132114739841,48.174393412609305,72
Belgrade_2years#1,2873,7.251745706411455,1.1097650346162624,60.59990632591619,79.18495180749785,5.635508890646829,4.383722792192472,46.43000873645222,4.813221050897077,35.45905406936332,42.88458046049789,49.27234529186287,47.57561382766119,912.9668932630267,367.3878037961714,444.06079213189906,366.6679310488401,421.3439737666761,16.72078979548654,19.219881287424446,18.36183612503841,19.181503681589636,30.0,6.0,30.0,6.0,30.0,318.9851551056287,4.383722792192472,5.520899860566335,72
London_2years#1,3193,8.648048765522391,1.298026118707096,155.8856259609876,10.190855959972431,2.856975569695882,2.3545516092319474,2.539100549632746,2.256638116048304,25.11318928372238,37.17436184148709,38.70146212724288,37.59366503854257,375.99508625093955,382.19546435908376,360.5045765519925,386.8423638832626,360.243859418206,20.00798830637214,19.6792970918331,20.371044093997007,19.558755092658537,23.0,6.0,6.0,5.0,22.0,40.05962242557643,17.634992467690342,16.65991502642873,72
Belgrade_2years#0,1844,4.577589852031198,1.274392240718882,45.01929686806523,51.13541308420716,17.85347183932349,16.45341177346498,23.137025451238916,17.85413671297246,16.125327129386235,20.550728044447368,29.56794621648542,29.425122161985982,544.1181331738148,314.12661160796296,332.8738439993629,346.98680579622055,328.70583449829974,14.827303976429597,19.269463026061942,19.166754815501353,19.191055589418212,21.0,18.0,28.0,18.0,20.0,147.73674082642566,37.64813529693721,53.85889850859387,72
Prague_2years#1,2682,8.08778789421571,1.1692295855940644,79.58293111351321,20.32799150829994,7.864077693613366,6.323329176117092,8.705645454607176,6.803229010260928,13.76312759144269,48.51049422377328,49.96358402294726,49.68972027320744,359.3746600559173,341.0037491286776,345.9680612290058,352.9126626235145,342.7503104028141,18.87470814584834,19.62657240490332,19.133541557656542,19.57041752886632,18.0,10.0,14.0,10.0,17.0,34.38196482744256,6.674454913153884,12.173586262805241,72
Berlin_2years#0,2878,7.758408704265921,1.28037855284503,36.58487685356989,100.00325361187723,10.734972913860807,8.98581832823887,119.33938103195213,10.360788798409253,69.85009887326102,49.9283605207713,59.41057661752006,48.785657787470086,1712.1527237448222,532.1889921363629,1668.6961843692359,539.6362103434066,647.6261991217875,15.667247433582697,18.427657136274735,15.336272288917911,18.318330150344273,30.0,10.0,30.0,12.0,30.0,665.4481386312387,24.181588157934577,30.478536116439052,72
Zurich_2years#1,1735,9.809973397162294,1.2585888060133181,62.142381568884964,26.589261479171714,4.637415144925614,3.325774230365873,22.31631292035334,4.7610598139500375,10.648480778916529,51.467459942748455,55.69174414491786,52.10980615869513,532.8603660559788,508.59962086908433,515.7429528217607,507.58180473123275,479.4854215517991,18.23265670679491,19.98649614850989,18.43756891625941,19.915441705252295,15.0,7.0,14.0,11.0,10.0,71.46751615233447,18.506282416908633,18.29002970173896,72
Berlin_2years#1,2879,6.213477765490572,0.9469170535993786,56.03954260886548,84.30582039994216,77.7497711081352,72.86740546634755,102.4645164857284,72.06756772320404,62.146773611037915,52.4517913595974,52.63462069205788,52.43108643149846,787.7523742754352,1039.699479100212,876.8089512390555,916.466299641609,791.9264002189379,16.149323154432036,16.430201203807748,15.690865159846668,16.445328111310953,30.0,30.0,30.0,30.0,29.0,149.52170812337002,273.80766685387346,211.35191774083603,72
Prague_2years#0,2710,11.167547690352347,1.0819101113731215,151.29724861981197,52.162463618040924,23.088629006469027,19.964260822767958,18.439944330927283,21.02364511132678,55.440094530071505,93.8113691616113,93.4427325911644,93.01000921136519,1207.2675156597948,1106.1125677403352,1031.37684405787,1149.5650128631012,1190.6287274138267,18.42034195887741,19.306997384668428,19.370489068298948,19.253663372777066,30.0,21.0,19.0,21.0,30.0,173.31248556879927,80.45654411202028,101.85054857715924,72
Zurich_2years#0,2390,15.516762831387984,1.0489501666810956,118.55613140314746,80.65864255867332,58.26824107514135,55.34938237330844,64.01037361689549,57.08083131274875,66.13463012706204,81.2844315187172,83.71868331647232,83.78098386555158,2534.374631969907,1102.5499793607255,1042.4839952184439,1119.2347248578417,1059.3211281158112,16.461699618000114,17.22543961791193,16.983698656032896,17.171358412397822,30.0,29.0,30.0,29.0,30.0,924.7262460080107,147.6811703985295,155.79678679644,72
London_2years#0,2447,7.360466267053132,1.0980536953417306,158.22585697600883,58.88160609982613,16.226540984891642,14.345205013944877,65.59510159801164,15.5989226279147,80.088387117422,29.614956198766983,37.523004368309024,29.19166771647066,555.3699184702823,520.3707261237787,532.2825138866948,531.1867861964838,574.6687159569949,17.474042206634536,19.23753881661422,16.85590396954582,19.186863987025422,28.0,21.0,29.0,23.0,30.0,59.042175263865985,30.231206451262707,35.821682061825435,72
Belgrade_2years#1,2873,4.959877104716643,1.0465480082124259,42.09283536864181,66.72429062321679,3.962294022401533,3.0466886696831494,48.46539979121549,3.3768704208985802,28.916323176514297,21.53623131421865,24.124393911975737,23.033350426455762,378.008573303283,202.6392720413669,300.0945362818053,202.41268559155543,240.90670940824242,16.377939533176992,18.59336220705653,17.3053938503776,18.537530066182477,30.0,5.0,28.0,6.0,28.0,116.61776702508126,8.019950020332448,7.370994763484738,72
London_2years#1,3193,11.503871675588194,1.2135975461934914,134.7445979093381,33.33152973864777,15.855621798374184,13.772809103581945,16.264232265343868,14.509325795644276,14.154842172746797,74.80451832543812,78.19267123968086,77.14855116661913,742.5228741388545,768.5636558899191,758.7648577351653,787.8949788194288,765.5398789111819,18.290074303974826,18.874116067161992,18.704256434581495,18.822489686842516,25.0,13.0,15.0,14.0,14.0,71.37981868873464,50.305724859319135,60.525389495899034,72
Belgrade_2years#0,1844,15.934446014220102,1.0081746056693852,251.1524569564976,125.74483220291141,60.94592776814836,58.558129059395156,62.14696820310928,60.223601999504794,79.41418281339602,112.3053889378795,172.04948077010056,172.08395401553676,2074.181445342229,1986.257668867736,2222.6773358673527,2117.391193585868,1727.3185024689508,14.645790270429329,17.200195188082443,17.098308112637532,17.152912914538405,30.0,30.0,30.0,30.0,30.0,262.2597529662924,132.23928311201126,193.02719206644556,72
Prague_2years#1,2682,16.53921081202704,1.2738502049748863,94.55114542817012,41.72778556715798,28.122505487156097,26.681808450208425,34.77316457505975,26.03340060390859,61.00610086981573,115.04082515048059,122.09241942093998,118.22359580462114,1091.0895394145064,1120.0568890245256,1087.7133881731334,1213.68317820582,1081.5349267256308,17.330654487871975,17.918831292527823,17.75497782976298,17.332975328663334,23.0,17.0,19.0,15.0,26.0,79.12398673757176,39.83464622324189,91.92114695878028,72
Berlin_2years#0,2878,6.983026639901954,1.062401892383904,58.00968872984215,65.61759087978479,44.61307761783573,40.602436078025676,90.3451041188525,41.12587567803425,81.09148251478707,83.16231481838606,83.16284362922421,81.68723206130336,1035.600608242571,886.7500690233206,1764.9544350240212,897.7579015417953,940.1689765765993,16.93134502172931,17.645608958972957,16.287638520089757,17.629529556935882,30.0,28.0,30.0,29.0,30.0,164.3642672974341,77.09931523464134,85.17699411113333,72
Zurich_2years#1,1735,13.654728088705154,1.167102394249259,181.8670228568892,20.093847029000525,12.475673964657235,10.256525553520664,23.05252466731351,10.612955035773208,61.95536287088332,90.64114781219193,95.55288561099748,92.16929880875192,832.6987474349398,834.1476785937897,902.5877633558857,848.0364683267142,1076.1244239293726,18.54417187868557,19.102388811293974,18.478546495634284,19.071544904861888,20.0,13.0,25.0,13.0,30.0,43.97798642468865,23.606812132917618,29.563263568205144,72
Berlin_2years#1,2879,5.051735404735364,1.1250761275293641,59.88022257359338,23.209385459195957,35.57243637484886,29.81570592479406,26.424141760244563,30.62984286511743,79.92205470479425,27.887605099471514,28.712734354553934,27.753284394187116,368.6818198871491,419.33756674106485,374.497267535662,449.20782059695136,1083.9897639562225,18.826813537505714,18.616314861400852,18.69964890918896,18.583957078649522,21.0,25.0,25.0,25.0,30.0,33.39730116991943,64.83569689724509,79.0429300621715,72
Prague_2years#0,2710,6.197713975847091,0.9916942461426151,94.72565900808637,54.76752633977692,18.408313592996393,16.04543795943257,46.394213541320504,15.922097755817063,40.1234537380349,41.08664584528577,42.63372174742361,41.849642911538524,574.831271704148,479.7594624103931,562.4787369780063,466.19045363173177,538.8563333409026,17.449035307647993,18.721749930083693,17.69582216232597,18.717920198610624,30.0,18.0,30.0,18.0,30.0,112.1498935857047,35.28313438407558,27.48199436946046,72
Zurich_2years#0,2390,6.860107634671792,1.2441066041468059,34.97545335908001,5.657695929923463,3.6941302463984655,1.293042820540009,65.34031819772261,1.8570369302594223,88.16490549199874,50.00239027761488,51.30483979916566,45.60145465689,389.42530139518783,378.97435535574385,566.0634589330099,385.76654611114583,666.6787051769818,18.84867971267269,19.430714365592394,17.198241928889377,19.335820152931664,12.0,4.0,30.0,6.0,30.0,23.849474260452297,9.641355684550426,13.34001031777158,72
