seed,house,rare,fixed,self,best,self_gain,best_gain
11,0,heat,3680.9735144902406,3689.4193568843407,3378.1994914929187,-0.22944588872625118,8.225379014693932
11,1,cold,275149.98560371966,275398.1114924523,274465.4705998477,-0.09017841239869398,0.24877886232487373
11,2,heat,55128.15625648024,56540.29452353682,54998.04421616225,-2.561555406436407,0.2360173986458942
11,3,heat,2264.2516197299497,2478.3049761501375,2264.2516197299497,-9.45360288384015,0.0
11,4,none,44540.37795783454,45322.958424338416,42197.004318316234,-1.7570135288136235,5.261234293379215
11,5,cold,301574.8273114811,301545.5765148745,301464.05438893964,0.009699349533698956,0.03673148834371009
11,6,heat,6168.983735970159,6168.983735970159,5853.924770805243,0.0,5.107145336238574
11,7,none,6294.401053031576,6254.650061197252,6128.4534153165,0.6315293782428854,2.636432542460117
11,8,none,25674.744866857956,26524.285538982454,24960.807500229097,-3.308857309118273,2.7806989722045485
11,9,cold,498394.13468009327,498410.9787004215,498358.2378418611,-0.0033796586187884014,0.007202500136807922
12,0,cold,25081.776242490574,25887.037593559504,14815.650096056175,-3.210543556738822,40.930618498393045
12,1,none,33393.53869534724,34341.93003808267,32630.074802437004,-2.840044451076902,2.286262321209495
12,2,cold,7227.059464361261,7459.939183715285,6109.492834646235,-3.22233019532248,15.463642373859985
12,3,cold,54417.50962795273,56405.41814029005,53782.43665324964,-3.653067782646544,1.1670379240891733
12,4,cold,554681.5499942593,554681.5499942593,554643.5699080911,0.0,0.00684718757430294
12,5,heat,7617.157943529001,7617.157943529001,6552.716522830645,0.0,13.97425954128509
12,6,cold,338528.098055116,338527.27131633897,338496.7902008454,0.00024421570374697686,0.00924822915748739
12,7,heat,2709.126889646613,2714.423336288386,2464.0591167348402,-0.19550382309570705,9.046005701997231
12,8,cold,204171.31131230496,204264.11940104514,203799.40627990474,-0.04545598896518183,0.1821534230298116
12,9,heat,22519.929526815442,23111.386184880204,20372.946009475614,-2.626369933176255,9.533704422934907
13,0,none,73718.75063344254,75951.69705599498,73503.22729593934,-3.0290074144846746,0.2923589122865905
13,1,none,16972.339345462013,16990.005516391688,16608.969203748933,-0.10408801385648993,2.1409549639380496
13,2,none,51376.31227495021,50925.63454098872,36769.99585693706,0.87720919234062,28.43006002424744
13,3,heat,3980.3385064812837,3986.4763342132956,3535.4787738203518,-0.15420366187492474,11.176429641261814
13,4,none,5991.571979297661,5991.571979297661,5791.69038040627,0.0,3.3360460256845754
13,5,heat,185988.00254184927,186015.90690102428,185720.55940582062,-0.015003311393018453,0.14379590746369614
13,6,heat,9289.955619898821,9289.955619898821,8471.922704112658,0.0,8.805563226092922
13,7,heat,6344.486516315139,6652.669203002884,5112.166257529716,-4.857488244245448,19.423482981900186
13,8,none,280818.81955741585,281876.19794212683,280247.7470225351,-0.37653401804674913,0.20335978043806163
13,9,cold,133314.4778653572,133786.67027205453,132264.78587650738,-0.35419439378085577,0.7873803398232475
