seed,house,rare,fixed,ceiling,fund,fund_tuned,g_ceiling,g_fund,g_fund_tuned,captured
21,0,heat,7441.4838924590285,5168.340101418,7176.303679403699,7117.074488408556,30.54691542562583,3.5635394349782192,4.359471964714174,14.271398286771076
21,1,cold,36995.075223661326,34923.56534643178,37179.82282372392,36859.96931968432,5.5994206383033625,-0.4993843070886074,0.36519970066338253,6.522097985730875
21,2,none,41907.9482265367,41538.423515630726,42666.931880468066,42071.92275110496,0.8817532867714646,-1.8110732833509853,-0.39127309139995875,-44.37444093149948
21,3,cold,25304.33692008248,24943.782011411127,25430.216749972034,25213.079572163464,1.42487396453058,-0.4974634596714116,0.3606391592367413,25.31024976342751
21,4,heat,14159.801008548053,13095.874589160338,13919.00794926176,13515.96425034588,7.513710247378754,1.700539853214951,4.546933659685603,60.51515842352126
21,5,none,16307.556295360806,15000.682835035072,15917.556338379334,15598.850290127819,8.013913529751331,2.3915291164281887,4.345874957577799,54.229122156658086
21,6,none,33277.248847352865,32838.22543946756,33391.90319257926,33306.96988622068,1.3192899746585454,-0.3445427407545879,-0.08931338946962951,-6.769807334641903
21,7,heat,17326.92391539832,16706.931692723992,18154.68566607734,17569.72375004143,3.5782013339560303,-4.777315089052784,-1.4012864362342703,-39.16175490005252
21,8,none,3505.2870579325063,3433.6211137193714,3491.9487770958826,3470.8006861346216,2.0445099938663813,0.3805189308658463,0.9838387335451341,48.12100388340937
21,9,heat,23716.09101403891,13109.077466632967,22381.70171534099,15904.775202919684,44.72496559878711,5.626514495614044,32.936776159676825,73.64293235045
22,0,none,193636.26161449373,193368.21125130102,193661.4117568446,193511.18201825392,0.13842983796411482,-0.012988343268548145,0.06459513068313093,
22,1,heat,15835.782124988069,9796.447216221855,15787.969155442672,12609.274103630589,38.13726951469259,0.3019299531151716,20.374794221664697,53.424889828085874
22,2,none,33743.459964648995,33368.10768340454,33780.273350038435,33653.68145002603,1.1123704612321654,-0.10909783830113103,0.26606197087382527,23.918467825827573
22,3,none,15179.90799071466,14391.401680281037,15255.341097872275,15003.239905748607,5.194407706001528,-0.49692730156042936,1.1638284308055014,22.405411678810545
22,4,heat,25468.296481299974,25183.8305769078,25494.895408833476,25415.594212959313,1.1169412316251424,-0.1044393666181466,0.2069328365929686,18.526743460968188
22,5,none,201817.221690292,201233.6664727623,201873.35327204986,201616.34020109405,0.28915035726000976,-0.027813078233728368,0.09953634655927848,
22,6,none,4242.1571611596255,4007.458726435571,4239.88476914064,4195.66913399576,5.532525689357016,0.0535668984589053,1.0958582013297677,19.807557395311928
22,7,cold,9941.12461312336,9477.15889407825,9935.119990603243,9808.86157597829,4.667135129084146,0.06040184339093791,1.3304635269380787,28.507071043369635
22,8,none,68730.29081516567,68078.4360494324,68740.68337207379,68258.79070534887,0.9484242798946989,-0.015120781223037184,0.686015007683862,72.33207987463464
22,9,none,14450.125328508115,13661.725439127029,14441.578572134638,14372.131553343488,5.456007276460648,0.05914658993728503,0.5397446277559657,9.892666934016663
