gen,obj,n_records,rare,default,median,model,same_case,gain_median,gain_model,gain_same_case
1,0,0,heat,3152.652404644602,,,,,,
1,1,0,none,14947.608013003894,,,,,,
1,2,0,none,32581.158852254273,,,,,,
1,3,0,broken,9462.377953826888,,,,,,
1,4,0,cold,18812.73037854486,,,,,,
1,5,0,none,20339.387335032818,,,,,,
1,6,0,none,8817.309194298814,,,,,,
1,7,0,cold,31657.444794586143,,,,,,
1,8,0,none,17457.227115386064,,,,,,
1,9,0,none,9906.777290250715,,,,,,
1,10,0,broken,13423.77374001803,,,,,,
1,11,0,none,11596.781465800532,,,,,,
1,12,0,cold,22453.60801950968,,,,,,
1,13,0,none,11632.230856512153,,,,,,
1,14,0,none,8338.588531711937,,,,,,
1,15,0,none,10014.42746571987,,,,,,
1,16,0,none,6519.755438169464,,,,,,
1,17,0,heat,11134.05121766823,,,,,,
1,18,0,broken,5750.443200235527,,,,,,
1,19,0,none,26343.528893072944,,,,,,
2,0,20,none,10823.750901388617,10763.020358220103,11407.843824151092,10638.485152537405,0.5610859278064423,-5.396400269037413,1.7116593918236227
2,1,20,none,7376.624469412042,7359.391996801576,7277.6524709424275,7278.530706235784,0.23360918916128176,1.341697667815581,1.3297920150742975
2,2,20,cold,19260.10428895089,19130.2964353296,18616.965394365296,19213.739763536505,0.6739727452865185,3.339228515779893,0.24072831963315577
2,3,20,none,16628.66663094315,16527.50050689073,16296.848723243293,16314.53255100771,0.6083838608212032,1.9954570926474613,1.8891116582425773
2,4,20,none,8879.97869304112,8803.358842198064,8817.519906303178,8666.204123350499,0.8628382284644347,0.7033664031974293,2.4073770566380626
2,5,20,none,13312.963428777066,13145.212178327674,14799.768137118761,12959.129318956135,1.2600594251373325,-11.168097293258121,2.657816283458645
2,6,20,none,6713.285226038626,6646.873946174138,7360.306735060729,6559.976085981363,0.9892515754715852,-9.63792669664204,2.2836679046888584
2,7,20,none,31848.10074963224,31036.487733268394,23589.891911502706,33625.5694477451,2.5483874933208384,25.929988425526112,-5.581082250668861
2,8,20,none,13777.34359797607,13835.382149873336,13840.38905033364,13670.195257759324,-0.4212608293066836,-0.45760238110655455,0.7777140742318951
2,9,20,none,31407.97095018639,30842.9677944474,27031.31855408504,30969.73375527554,1.7989164490603269,13.93484603969738,1.3953056553888863
2,10,20,none,15476.63208998408,15364.615148729508,15474.768078795027,15218.937389840195,0.7237811211333531,0.012044036313682295,1.6650567038461466
2,11,20,cold,27430.932302333422,27216.571492407907,26756.698712915404,26814.743387981405,0.7814565234710585,2.457931731910781,2.2463287341480562
2,12,20,none,29694.184358694707,29509.995530100503,31681.564134335465,28898.07970592762,0.6202858659772281,-6.692824937145771,2.6810120229282597
2,13,20,none,14089.644341359768,13941.583764933253,13661.59882997382,13764.422259187719,1.0508467981117655,3.0380150202190133,2.308234858827265
2,14,20,none,12111.06193039226,12021.154549028412,11922.726194605724,11902.226987621878,0.7423575395831199,1.555072023155242,1.7243322176919762
2,15,20,none,8560.052482164094,8487.77748153845,9095.294938861256,8369.076331892453,0.8443289427984045,-6.252794101582959,2.2310161143236322
2,16,20,none,49419.39500736148,48784.77835736305,41685.85073819208,48266.86993104498,1.2841449190219747,15.648804013115539,2.33213109174004
2,17,20,none,20666.37527438319,20602.05320329147,23681.625720790365,20433.266373101585,0.3112402162339964,-14.59012723021971,1.1279622003697598
2,18,20,none,10111.783933752135,10009.776245767422,10071.76029933376,9953.849544775952,1.0088001153211088,0.3958118041345714,1.56188453007795
2,19,20,broken,11576.202725227478,11555.811742665379,13293.04567887215,11595.252279421098,0.1761456934203678,-14.830795506917266,-0.16455788349409228
3,0,40,none,12497.703043353527,12318.341684245632,12527.236344977802,12297.755056852056,1.43515459189345,-0.23630983647015918,1.5998778800221725
3,1,40,none,16786.78460458232,16443.96812427386,16214.63834336172,16555.968862680347,2.0421807295655814,3.408313591302182,1.3749848308589563
3,2,40,cold,13385.766832301213,13441.370888055266,13521.948342058227,13341.224861451767,-0.4153968648241692,-1.017360540214958,0.332756213427849
3,3,40,none,12975.554546783453,12912.702242967765,12713.707990946952,12717.619723468912,0.48439011673121823,2.0179989602171604,1.9878520211568242
3,4,40,none,8824.301430168698,8703.874658017685,9426.132664704068,8674.970066148035,1.3647173445287777,-6.820157258883033,1.692274059339432
3,5,40,none,12243.766858354102,12123.136926099525,12014.373684467473,12058.903546547035,0.9852354561314512,1.8735506526744279,1.509856516754332
3,6,40,none,15206.835988098,15377.751671377238,12676.463027112817,15699.481487250034,-1.1239398084717234,16.63970705652143,-3.239631830958222
3,7,40,none,6951.881805895512,6955.976633461047,7295.838005947473,6831.136424180029,-0.05890243361246468,-4.947670424434868,1.7368733400082443
3,8,40,none,21956.67699696035,21796.83490184469,21380.455682990196,21755.39733296623,0.727988552811461,2.6243557440405207,0.9167127795430237
3,9,40,none,9987.315456361157,9759.026882392673,9516.29779168986,9715.029061565474,2.2857851538381313,4.7161588790238405,2.726322163202098
3,10,40,none,21618.80699186202,21673.747427487666,21552.64944348074,21702.01467390639,-0.2541325968927274,0.30601849771906914,-0.3848856325683971
3,11,40,none,17605.059221669377,17634.175347182263,17660.467167245584,17800.305196564415,-0.16538499045233804,-0.31472740238219765,-1.1090333320476313
3,12,40,none,9616.440252297885,9548.462022033837,9496.981017213053,9500.110528311649,0.7068959872943119,1.2422396640616284,1.2096963214474228
3,13,40,heat,16899.918885136067,16694.06209322192,15820.061654283369,16694.06209322192,1.2180933725972058,6.389718425231387,1.2180933725972058
3,14,40,none,9475.999315390913,9424.953848812946,9193.032885400278,9373.85340699807,0.5386816195212158,2.986138143035115,1.0779433914366876
3,15,40,none,9914.49809602876,9766.413003175026,9548.127503891588,9762.834480253912,1.493621678267791,3.6953014523641943,1.5297155166694298
3,16,40,none,8675.385529676481,8563.870901877217,8831.316396038286,8604.892423860521,1.2854140881439649,-1.7973940850052317,0.8125645318564741
3,17,40,cold,19868.046963593544,19678.880469836196,19396.64626976368,19949.742693025273,0.9521141866836675,2.3726574368062603,-0.41119154580935535
3,18,40,cold,13188.564587763502,13181.253878905367,14183.190503791258,13376.348513647223,0.05543217997292564,-7.541578231724944,-1.4238389980510024
3,19,40,none,38012.97312581738,38413.84177746187,33769.17430526355,39617.03341920715,-1.054557480462466,11.164080237837421,-4.219770676922772
4,0,60,none,11515.728004931652,11367.711967846277,11620.382382616554,11306.441257835026,1.2853380786867066,-0.9087951507719059,1.8173991866341304
4,1,60,none,11454.6486591361,11301.210832503324,11159.227035827464,11253.652223898822,1.3395245126998845,2.57905442671969,1.75471497396794
4,2,60,cold,30902.479276530365,30501.28785753623,29242.776299250356,29906.511271632797,1.2982499410616188,5.370776119379231,3.2229388327880213
4,3,60,none,14817.577926386293,14610.43420334482,14371.399359766692,14498.213987271747,1.397959397079359,3.0111437161742325,2.1553046030946876
4,4,60,none,9927.121552045928,9784.111322086917,9466.535378533854,9741.013261530397,1.4406011773829555,4.639674966175365,1.8747457612944698
4,5,60,heat,8717.179656545512,8713.792543205582,8613.679496068327,8881.76217040393,0.03885561010993372,1.1873124629187664,-1.8880248009439362
4,6,60,heat,12275.504828512405,12131.3547413874,12037.29298546239,12382.06109160959,1.1742905007880908,1.9405462046393211,-0.8680397636249252
4,7,60,none,8908.191223527518,8768.482580605607,9134.307050812453,8728.17276394903,1.568316613510998,-2.5382911256747422,2.020819435297257
4,8,60,none,11302.864670055491,10971.804962870725,10596.892687146717,10918.167544923721,2.9289893920594974,6.2459562554888794,3.4035365047848645
4,9,60,none,6407.389213971265,6496.757187433402,6194.209689825376,6492.70399617998,-1.3947642398134676,3.3270887256396575,-1.3315061620212894
4,10,60,heat,1535.652598518724,1506.058741123583,1500.9793308367662,1513.3789212306538,1.9271192862035929,2.25788487027622,1.4504372479527778
4,11,60,heat,10238.814170667441,10131.341324378862,10016.721331003884,10255.968558326054,1.0496610691155237,2.1691265801055124,-0.1675427190363262
4,12,60,none,22980.688097162663,22700.611212268617,22625.48018580318,22664.800353996314,1.2187489065161026,1.545680050386919,1.3745791328387202
4,13,60,none,10744.618192549624,10787.350476093643,10403.933487553366,10705.352820871316,-0.3977087205727783,3.1707474280704604,0.36544222395482373
4,14,60,none,8104.45730114496,8021.4618013740455,8802.355671900299,8005.429734966752,1.0240722689622836,-8.611290612349121,1.2218901586935105
4,15,60,heat,19023.246047965535,18793.257249951956,18208.72443095781,19022.794780836575,1.2089881896795185,4.281717299739366,0.0023721878370369133
4,16,60,none,16669.725186726526,16486.575654822558,16534.59924438482,16405.315542065044,1.0986955684776543,0.8106068986026388,1.5861667885924216
4,17,60,none,22736.245944992123,22780.454199237578,21564.377804702413,22700.527451280646,-0.19443954974982472,5.1541848338767835,0.1570993461184982
4,18,60,none,31033.495080958084,30519.96542197262,26312.424234273127,30172.05425748542,1.654759341949081,15.21282354555601,2.7758421061675347
4,19,60,heat,8267.942191124559,8168.286679517881,8056.5335296778,8123.08618427436,1.2053242427560296,2.55696830674144,1.7520200734555058
5,0,80,none,18854.234074305336,18491.291561133887,18044.616103841458,18474.55474745372,1.9249920826328821,4.2940910103966,2.0137616057766308
5,1,80,none,10175.894762872607,10078.13675227857,10623.972284536887,10099.239000436757,0.9606822090054833,-4.403323069919303,0.753307342716766
5,2,80,none,6876.4184029504695,6762.949778163303,6838.688086259931,6724.947831370365,1.6501122843031308,0.5486914041523354,2.2027538567913942
5,3,80,heat,17205.46823128149,17051.69678607587,16636.69052906183,16903.75245696534,0.8937358933716595,3.3057961258244526,1.7536039720651022
5,4,80,heat,6721.694226832625,6615.849537392652,6398.821751762035,6565.821173354283,1.5746727814164327,4.803438897617522,2.3189548381434144
5,5,80,none,9031.925363664623,8833.771377552373,9149.450232300906,8829.983102814054,2.1939285161657933,-1.3012161184268052,2.235871674305246
5,6,80,none,8968.597608702774,8766.493897313087,8880.08702894197,8725.387761675767,2.253459461639508,0.9868943130519741,2.711793500368501
5,7,80,none,19928.00595145957,19619.360555187257,19206.21381483851,19574.876078602476,1.5488022084302302,3.621998800979862,1.7720281382755738
5,8,80,heat,9806.524444266883,9480.107809930345,9562.947416178733,9684.144335005483,3.3285659582215015,2.4838262472343136,1.2479457932004199
5,9,80,none,6867.347086985263,6725.653969760741,6792.06133365483,6718.192921763492,2.063287546555682,1.0962858346436426,2.1719328196537724
5,10,80,none,7701.086930286624,7553.19911422963,7441.539763288216,7553.823223131472,1.920349911586957,3.3702666824557985,1.912245745155752
5,11,80,none,34850.61558136514,35489.194016898306,28455.9220418204,35385.932457068586,-1.8323304334245838,18.348868256330107,-1.5360327695034492
5,12,80,none,37882.77646098933,37728.35363298391,32296.649788326147,37432.205648259165,0.40763334272617613,14.74582170189037,1.1893817054147235
5,13,80,none,7195.901583750609,7070.116394007635,7219.287767288599,7058.095747186256,1.7480115351635006,-0.32499309872163473,1.9150600513428147
5,14,80,heat,5847.260508365034,5719.363972295293,6002.0133846016515,5653.581231461525,2.187289857990312,-2.6465876800807724,3.312307988098589
5,15,80,none,6978.656595416303,6843.842152535226,6833.347684335554,6838.787296281483,1.931810815417193,2.082190305454933,2.0042439002757235
5,16,80,none,12219.941749253006,11976.392844319884,11858.528976319947,11948.628726228602,1.9930447291044624,2.957565431563143,2.220248087851886
5,17,80,none,6510.097038701533,6419.06747545212,6468.951988330854,6436.549561156971,1.3982827399999824,0.632019002575202,1.1297447197381747
5,18,80,cold,29975.083397831582,28979.421859476955,26562.887756792254,27487.233793329087,3.321630586110909,11.38344002501147,8.299725380188493
5,19,80,heat,7421.656867150482,7302.545313605951,7271.538009275215,7657.497534554268,1.6049186276953682,2.022713533681661,-3.177736071949877
6,0,100,none,9453.333064107563,9268.760610993731,8947.550207604903,9237.049725082266,1.9524590095594572,5.350312456703941,2.2879056260746955
6,1,100,heat,7349.579485594508,7196.048505210719,7028.338974866116,7242.070198152275,2.088976392250963,4.370869263446124,1.4627950844392579
6,2,100,heat,6869.410361074458,6719.4146300396,6616.992486333173,6680.126853948658,2.1835313826177805,3.674520249534256,2.7554549397481822
6,3,100,none,23887.711558795258,23546.22833996197,23057.18620560355,23421.119267815215,1.4295350895911008,3.4767891061792198,1.953273296320624
6,4,100,broken,5971.348196952792,6511.878245357992,8523.699425920826,5995.24072668815,-9.052060448945761,-42.74329924807452,-0.4001195198690727
6,5,100,cold,6866.1033692460705,6869.189029969942,7205.676001530733,6962.532418265129,-0.04494049328898954,-4.945638217531654,-1.4044217488914257
6,6,100,none,24107.781618471217,24104.180186698166,19880.243871533265,24141.802142242268,0.014938876708141625,17.53598822920663,-0.141118433497773
6,7,100,none,33840.84154763832,33102.15008515646,31716.686795106805,33137.865124323354,2.1828401088725635,6.276896954649634,2.0773018375603254
6,8,100,broken,20816.06897876274,20305.262809133346,18456.967950907598,20597.810827506877,2.4539031368052107,11.333076529780808,1.0485080131053508
6,9,100,none,12231.497625568161,12153.888251444543,11452.196898683163,11960.908936779975,0.6345042651309282,6.371261727231041,2.2122286008751697
6,10,100,none,12539.003591145958,12560.947434014754,12299.255218772258,12536.011127950236,-0.1750046780773744,1.9120209243977855,0.023865239163301438
6,11,100,heat,10087.088270794298,10013.207598067958,9576.40202709786,9901.089731236523,0.7324281372678254,5.06277163425898,1.843926954583186
6,12,100,none,18315.11207467819,18249.054962208258,17236.021632430835,18120.21663519931,0.3606699877160951,5.891803652893096,1.0641236520104802
6,13,100,none,19262.178862323588,19024.855470485665,18677.655482650487,18960.44255092738,1.2320692977372478,3.034565216380667,1.5664703019989032
6,14,100,cold,18750.261262700966,18629.825616195347,16181.187570446005,19937.857360838938,0.6423144980128679,13.701535441351426,-6.333757602089538
6,15,100,none,12354.348871511556,12326.458103512108,11792.91233720969,12014.121336034692,0.22575668122633893,4.544444552610204,2.7539090810476483
6,16,100,none,5348.181691258585,5240.361778105627,5291.554559021739,5241.167062319506,2.016010662636708,1.0588109287573522,2.0009535037672768
6,17,100,none,20257.72273174574,20089.460538282518,19819.628858575576,20062.362681363524,0.8306076437680726,2.162601783879836,0.9643732070439925
6,18,100,heat,6840.154601872344,6707.767993329279,6523.246724070395,6665.53940169003,1.9354329872431038,4.633051389148452,2.552796103972807
6,19,100,none,8072.853283650406,7914.5723161105925,8191.390252776276,7929.313306984981,1.9606570561659205,-1.4683404362858543,1.7780575420109597
7,0,120,none,9205.857812747032,9044.227729420321,8795.039682936409,9032.65332188179,1.7557308250286785,4.462573050409026,1.881459548782213
7,1,120,none,5265.079348899112,5251.663456849189,5107.72945543658,5242.714910944242,0.2548089242516016,2.988556924511174,0.4247692479610344
7,2,120,none,16998.673152091545,16583.18682085855,15409.429065830022,16423.69770624228,2.444228014242819,9.349224330876558,3.382472506558657
7,3,120,none,17956.134429189588,17677.136835198777,16881.746466540106,17655.604888585975,1.5537731413798668,5.983403426201527,1.6736872949395531
7,4,120,none,14319.749787110582,14201.414435740307,13514.467648504591,14195.491804752166,0.8263786248331686,5.623576882124278,0.867738502458073
7,5,120,none,30070.66115333998,29745.05328165122,28859.33937366007,29681.527908698023,1.0828091541731695,4.028251236322976,1.2940628164364016
7,6,120,none,15232.737310569762,14884.180732670304,13796.5973981539,14826.909620161248,2.288207108105256,9.42798318605119,2.664180981621186
7,7,120,none,5555.10995240835,5448.282995260839,6126.622963984342,5442.406781023689,1.9230394728946392,-10.288059398864275,2.02881981365283
7,8,120,none,10399.739953320506,10282.504796752426,9930.902945205169,10133.987953830525,1.1272893081393676,4.508160879211632,2.555371583162808
7,9,120,none,6006.338110276723,5904.360454392147,5886.139710645846,5892.210849734574,1.6978340881292286,2.001192697181321,1.9001138205469776
7,10,120,none,6601.436021338736,6533.794190862734,6882.49413978648,6574.150870193358,1.02465327630768,-4.257529991038936,0.4133214509264446
7,11,120,none,13724.808339604762,13459.77726627286,13244.971401266703,13432.089918821443,1.9310366073901342,3.496128517535842,2.1327687319220465
7,12,120,heat,18130.73337383449,17929.114448117565,17324.20420188693,17844.796050906378,1.112028518426576,4.448408982239569,1.5770863595664837
7,13,120,cold,22452.68302385027,22163.043334089543,21135.68554448242,22199.73078179901,1.2900003507512126,5.865657471620979,1.1266014034160685
7,14,120,none,23759.82395811984,23381.024561626346,22611.882697513553,23370.881597143492,1.594285366596921,4.831438408928033,1.6369749273475884
7,15,120,none,51918.98565873848,51428.97416645621,45499.15561175917,51477.15845554287,0.9438002034613995,12.365091431440147,0.8509935192103347
7,16,120,none,28617.2218146658,28343.061812979453,27234.87960665457,28112.2558833716,0.9580245191580636,4.8304556499709115,1.7645525990067155
7,17,120,none,13715.851695902682,13536.110516435581,13574.015764069189,13434.545099629666,1.3104631301955132,1.034102256120659,2.0509597399412716
7,18,120,none,6931.307778585047,6871.9718483382785,6727.6798484963365,6805.824641233379,0.856056780945336,2.9377995696257964,1.8103818407741255
7,19,120,none,8707.050003272981,8539.131725098076,8418.131784082905,8509.369370917331,1.9285323744756884,3.318210175449457,2.270351408127231
8,0,140,cold,15900.123564228106,15769.900279788357,14961.353775131098,16098.629400407664,0.8190080027599543,5.90416662678673,-1.248454676328139
8,1,140,none,20210.022785063524,19899.85617852559,19278.397399031364,19866.537473960365,1.5347167582966055,4.609719622486963,1.699579039351782
8,2,140,cold,62090.18445500073,61862.146320256186,56099.38168984271,60636.006829585516,0.36726921774537824,9.648550439562307,2.342041078117774
8,3,140,none,13297.13544998864,13062.231028943272,12791.102616981183,13003.597227238399,1.7665791397617838,3.8055777871157166,2.20752976349122
8,4,140,none,7704.047663794027,7669.978769030687,7348.795776854157,7619.708492342783,0.4422207163054174,4.611236877588558,1.0947384431122513
8,5,140,heat,15226.532844615813,15086.50016506091,14529.174364881415,15030.967324182673,0.9196622828316361,4.579890161803888,1.2843732872667248
8,6,140,cold,13340.791346249493,13223.463029839439,13357.045657240742,13411.476765883113,0.8794704404325951,-0.12183918157013247,-0.5298442783417988
8,7,140,cold,12312.588756264593,11973.84723575262,11807.84925040987,11864.765366123765,2.751180334351881,4.09937760325109,3.637118066767047
8,8,140,none,14418.544089030613,13983.59321433313,13512.580544436025,13886.481599593662,3.016607446714304,6.283321942912598,3.690126313389259
8,9,140,none,11830.791916450034,11579.064125717465,11415.850503885065,11492.51190894383,2.1277340731735523,3.5073004030103596,2.8593183777989135
8,10,140,none,9077.69723871875,8928.567496398955,8578.372780542382,8875.802659902458,1.6428146742294771,5.500563028767021,2.2240726200380383
8,11,140,heat,22864.584924286148,22427.640433020264,21850.62138153501,22338.61185307685,1.9110099427248863,4.434646621002656,2.300383203766898
8,12,140,none,20352.965670499172,19966.769726364277,19760.43526421281,19888.182191345746,1.8974922396428513,2.911273059066823,2.2836155019271294
8,13,140,none,26550.11830871413,26311.716679771638,24688.58058349239,26493.292924119327,0.8979305710447398,7.011410282909199,0.21403062665883155
8,14,140,none,20732.4841836377,20415.720956587083,19937.532865864876,20343.533726630954,1.5278594897017272,3.8343273807979554,1.8760436692565348
8,15,140,none,19464.461851663847,19326.607730531814,18292.358257337393,19173.986002928683,0.7082349472726344,6.021762138911954,1.492339479759798
8,16,140,heat,3847.182733441856,3739.6673842248238,3737.61810338426,3679.158586286672,2.794651480483335,2.847918532831806,4.36745948391337
8,17,140,none,17838.66782849594,17618.941513402035,17248.15334542663,17412.15695880899,1.2317417264921018,3.310305953037651,2.3909345349523847
8,18,140,none,13276.492938156383,13016.805813485824,12697.872334070184,12892.729287341364,1.9559918864131942,4.358233810551395,2.890549880925931
8,19,140,none,10970.669937195926,10782.367332807738,10715.143626404455,10708.124986448904,1.716418463650516,2.329176907648199,2.3931533101444113
9,0,160,none,6148.2101119094295,6013.716834980266,6204.87097416837,5989.69048420413,2.187519204469648,-0.9215830498242872,2.5783053086985057
9,1,160,heat,3572.994343089848,3509.017235740051,3223.761382969802,3490.3368017903376,1.790573989391509,9.774237700528705,2.31339692600884
9,2,160,cold,22386.68404829447,22176.44694795929,21228.100693605957,21982.379394721913,0.9391167529842228,5.175323653065902,1.806005090795753
9,3,160,none,10412.604849642648,10119.84638847216,9810.723199485856,10046.254676689621,2.811577558141324,5.780317786451376,3.5183335797631847
9,4,160,none,9917.317266433512,9888.190797602898,9600.632034026097,9827.471626344277,0.29369302249910917,3.193255029556015,0.9059470184878538
9,5,160,cold,18196.44939893197,18115.13046425967,17680.409660911777,17912.168848870897,0.44689451710878314,2.835936433019084,1.5622858274634586
9,6,160,none,7034.475517288996,6836.048816853801,6908.207112197087,6857.776853733697,2.8207746255923616,1.7949938809449728,2.511895351984919
9,7,160,none,24364.43220837789,23830.579704585016,23421.72338819547,23756.276243333443,2.191114076564874,3.869200858529597,2.4960810079347056
9,8,160,none,11417.056018182231,11135.262599495432,11061.353920317568,11066.403232808207,2.4681793470928817,3.115532561968602,3.0713065155815333
9,9,160,none,49091.23674255169,48630.59583330056,42137.75412587172,48637.06319842934,0.9383363301007515,14.164407087859695,0.9251621557308982
9,10,160,none,29122.470973061438,28478.07109943743,27440.13921096978,28489.985201890668,2.212723893587472,5.776748008944123,2.1718135516585297
9,11,160,none,11319.224133142605,11206.154409391931,11255.384424960805,11198.3735954537,0.9989176150298719,0.5639936751042682,1.0676574318822332
9,12,160,none,11061.871860027855,10711.01111696506,10360.150503091196,10653.817316333985,3.1718026343320065,6.34360410078817,3.688838099529771
9,13,160,none,5087.799269684297,4986.652966437243,4938.926195395571,4970.492086810485,1.988016780648856,2.9260799492579683,2.3056566632411792
9,14,160,none,17432.261281021092,17127.686427620425,16649.12801816479,17073.996888470916,1.747190731544764,4.492436467258087,2.0551802590305766
9,15,160,none,8576.9259930827,8367.325721096815,8182.10245008506,8302.905641615489,2.44376915639621,4.603322254570752,3.1948550295083344
9,16,160,none,14014.175881791425,13716.961601721126,13421.285468979744,13664.739439288893,2.120811687945691,4.230647722796327,2.4934498143166164
9,17,160,none,12025.020332479182,11747.34764324848,11666.316411682661,11671.248313932292,2.3091244883862423,2.982979744555387,2.941966073781707
9,18,160,none,46324.95186441608,45826.77270899532,37703.64121117263,46279.321986976975,1.0754013450004885,18.610511843544508,0.0984995679491541
9,19,160,none,23102.947222727937,22733.56192675686,22004.061180241297,22627.613188540217,1.5988665533014135,4.756475578170352,2.05746058979047
10,0,180,none,12575.039156911369,12553.870587649295,12011.782814977923,12500.145116659118,0.1683379987762468,4.4791617338533225,0.5955769943753113
10,1,180,none,12416.208204017734,11961.985761163514,11820.444826373992,11908.085021701576,3.658302401108566,4.79827148397012,4.092418345173492
10,2,180,heat,9984.621123664452,9715.588110972712,9516.522239234888,9732.713324735483,2.6944739250456604,4.688198767203372,2.5229580152212763
10,3,180,none,9337.185031595729,9320.254118032171,8910.852659670547,9288.178603510363,0.1813278146064984,4.565962551695537,0.5248522752792717
10,4,180,none,9117.71437943507,8897.809100074606,8833.87955796911,8850.0626037881,2.411846546284217,3.1130040891185087,2.935513929353364
10,5,180,none,6695.026488281925,6467.415375190838,6392.859674493181,6454.7396509047185,3.399704444627167,4.513302737750416,3.589034902218416
10,6,180,none,21234.75137653807,20780.18093868468,20250.023289168308,20711.778447894743,2.14069112368153,4.637342203392942,2.4628163493411686
10,7,180,none,5319.064263336842,5182.427628745951,5284.450086579494,5143.5590476563275,2.568809621885896,0.6507568821067875,3.299550578665378
10,8,180,heat,5581.549480874134,5273.955380545232,5064.195208862772,5249.400518313019,5.510908778698653,9.26900807354911,5.9508379115739105
10,9,180,none,10952.90349518854,10729.963574513758,10085.069731829397,10684.102815383674,2.035441294381134,7.923321553416142,2.454149987927373
10,10,180,none,6250.828455885645,6066.075770964079,6581.812132845416,6021.488845226705,2.955651178486692,-5.295036958631049,3.6689474407668095
10,11,180,none,16325.640078580618,16202.210685391576,15804.556820973046,16154.357735846215,0.7560462719681227,3.1918090506677133,1.0491615759625055
10,12,180,none,7812.421300838622,7714.971775366202,7497.057598419798,7691.110297696723,1.2473664913841749,4.036696054589018,1.5527964823002707
10,13,180,broken,18567.44178749896,20546.29284435943,22590.573725783648,18962.65290364393,-10.657639751927402,-21.667669592444195,-2.1285167912095395
10,14,180,broken,25623.92442327689,26305.878173211655,19061.099574460754,27244.623025742396,-2.661394635223301,25.612098835471265,-6.324942954457262
10,15,180,cold,18947.99165063357,18534.27060405685,17835.28321204307,18402.36308591532,2.1834559261212605,5.872434710268062,2.8796115956701103
10,16,180,none,15855.679483489566,15337.428461021249,14647.302744257699,15309.561037148846,3.2685513289289774,7.621097162629605,3.444308059515147
10,17,180,none,12404.644432672421,12005.931693640205,11493.210721018906,11890.991860056587,3.214221424856425,7.347519847105836,4.140808512519165
10,18,180,none,5973.8897198957775,5737.880052002689,5490.6226941448385,5557.588595485596,3.950686721033178,8.08965428574015,6.968677761554738
10,19,180,none,12092.270669166182,11877.482533052455,11539.567068731621,11844.09059303521,1.7762432051857018,4.570718069054539,2.052386048253139
