gen,house,y1_fund,y1_default,gain
1,0,9494.525175322187,9494.525175322187,0.0
1,1,6555.504628891512,6555.504628891512,0.0
1,2,12923.078494624464,12923.078494624464,0.0
1,3,15536.404841513982,15536.404841513982,0.0
1,4,10415.21753019705,10415.21753019705,0.0
1,5,13461.227637204245,13461.227637204245,0.0
1,6,8259.897194951065,8259.897194951065,0.0
1,7,7697.047792626953,7697.047792626953,0.0
2,0,28206.172950921424,29388.013085137678,4.021504042455811
2,1,12821.939276192341,14074.815845187077,8.901548572823144
2,2,24939.15959148514,21590.10116270233,-15.512008969038217
2,3,12528.852041642016,13695.879430253486,8.521010969427543
2,4,12608.708417366897,13501.301778707282,6.611165174813599
2,5,6870.083988751739,6144.307082166912,-11.81218478958033
2,6,25845.051950737892,27154.940389936903,4.823757373020896
2,7,32417.201623328678,27230.824137224692,-19.045980613617118
3,0,12357.763920097128,13095.076622960547,5.630457339750385
3,1,14355.110585353425,14582.06371331804,1.5563855187200708
3,2,24755.23160971328,24926.478885979424,0.6870094931958809
3,3,21497.920763664748,20539.530396510643,-4.666077308743732
3,4,14392.450360585724,15179.40659967598,5.18436760964723
3,5,10570.285639433461,7993.595118603972,-32.23443872998526
3,6,10186.535283103747,11013.696941540416,7.510299791497435
3,7,14679.04455060362,16454.613629494277,10.790706599807466
4,0,19631.994044901465,21907.0216842045,10.384924395922733
4,1,24592.212055633285,28660.166588712997,14.193757459462086
4,2,5961.929306748426,5743.509127230101,-3.8029047169576264
4,3,22402.489593754195,25002.442439872557,10.398795447168379
4,4,13748.387996789732,12811.853639342695,-7.30990521598782
4,5,28545.047743581566,32179.352880822615,11.293903736041019
4,6,11280.521282431697,8348.029213159962,-35.12795648401553
4,7,8558.391739773018,8308.477539529806,-3.0079421777838236
5,0,30296.94485002868,25954.973230996577,-16.728861865466037
5,1,10545.32546076074,11343.444780145,7.035951907495059
5,2,6494.457318410915,6981.205783132617,6.972269258954403
5,3,11560.250635784969,13719.595061490085,15.739126526891747
5,4,6084.523751297981,6742.204287129219,9.754681226238446
5,5,27833.208533311557,32085.602906029973,13.253278690671719
5,6,38470.320915442666,35443.37406912096,-8.540233332240362
5,7,7344.703912975742,9020.59764033029,18.57852211323312
6,0,11893.931320974809,14253.661393387216,16.55525557459342
6,1,6461.79903240135,7027.636157820602,8.051599609202432
6,2,4487.328048458317,4590.615898364786,2.2499780463719508
6,3,17723.143973524184,18897.861729121974,6.216141129805853
6,4,16656.74479395288,19644.047029017867,15.207162916338948
6,5,35569.87180719923,37904.256205198675,6.158633968074737
6,6,17974.41939776749,20806.828951633655,13.612884310483922
6,7,3313.5107559071275,3257.6543964120215,-1.714618946583966
