anc,anc_quality,gain_anc,gain_pool
0,12.167922056382038,-13.675375955214792,3.894294552608002
1,4.943395789128918,-2.285994682841106,0.414576925623069
2,3.2875230888899694,0.6379664624306897,4.135425572915902
3,1.211378063819417,-4.661581534996094,-1.1258250764806192
4,2.954550282344687,-1.3845344545127638,5.368852756775902
5,11.787555504620666,-20.89040107528018,1.337179637762927
6,2.223881276518861,1.2270276881516435,3.3042150098043224
7,4.657852056366778,-1.0067618665201299,5.3864576463168845
8,4.276401644601123,4.01521820099277,3.6607472676753057
9,5.000826763076974,-4.321068104932172,6.982882613263376
10,1.3522701900939242,0.05325085350703239,2.964308312232178
11,6.9860097715100435,0.3796006317458623,3.8286093337290787
0,12.167922056382038,10.908987568677126,4.055213947840117
1,4.943395789128918,2.6213251920422014,4.771273289684238
2,3.2875230888899694,-6.005474799695261,2.885007443776039
3,1.211378063819417,-4.1255988960332415,5.390990471212607
4,2.954550282344687,1.6549556106595202,5.02581686110409
5,11.787555504620666,15.730749537548638,0.9141017043080618
6,2.223881276518861,1.3706043223801194,2.9860178478539017
7,4.657852056366778,6.394666155798447,3.852254282288601
8,4.276401644601123,4.555650474564237,4.791506728075992
9,5.000826763076974,-3.4657072995085065,5.504612502332072
10,1.3522701900939242,-0.7631985555448415,2.3785707444337407
11,6.9860097715100435,-2.3290210969019673,3.686451310667823
0,12.167922056382038,7.733623700143974,3.473756475174266
1,4.943395789128918,-13.103805092024492,1.0241710443739342
2,3.2875230888899694,2.9863826765808126,3.4234439643303154
3,1.211378063819417,0.9122616085046201,3.6569508547554626
4,2.954550282344687,1.514842209316882,4.943441848053622
5,11.787555504620666,-4.6960688784450095,3.441049374769129
6,2.223881276518861,1.2561862395249808,3.752166991614334
7,4.657852056366778,0.6997471236874333,3.1725850098709776
8,4.276401644601123,6.6438767602117945,5.443012216141222
9,5.000826763076974,1.5486553199020143,3.2666131721432192
10,1.3522701900939242,0.999290197590294,1.6549912134095832
11,6.9860097715100435,-3.4475753054612666,4.494510447062636
0,12.167922056382038,2.473163517682203,4.068561154649027
1,4.943395789128918,3.0309802657047724,2.290801065992875
2,3.2875230888899694,-0.17692430867185188,3.3266622505220824
3,1.211378063819417,-8.360322638615783,3.557028984471538
4,2.954550282344687,-6.236086997073738,1.7219592737098703
5,11.787555504620666,3.8861317126350174,3.606055048538981
6,2.223881276518861,2.237231090813307,5.4589109960745
7,4.657852056366778,-11.923901928938665,0.872198355421388
8,4.276401644601123,2.606506963304258,2.6285958732548127
9,5.000826763076974,-1.203812749296761,-4.138066454728287
10,1.3522701900939242,-1.6942238369412266,1.2596073580880387
11,6.9860097715100435,0.32751746699198175,2.7336281145976966
0,12.167922056382038,-208.29086164793887,0.024462115231466557
1,4.943395789128918,-18.93499390541359,3.8641509907239495
2,3.2875230888899694,-0.05795254515779503,3.6426218070520946
3,1.211378063819417,0.11388042091931141,5.5229613959713815
4,2.954550282344687,3.24207761643207,2.8240172179323055
5,11.787555504620666,-18.9272312452355,4.346456806703767
6,2.223881276518861,0.638129992479384,4.466088015712337
7,4.657852056366778,1.2688503725429274,4.0911463410254045
8,4.276401644601123,2.019257004158503,2.663029438269929
9,5.000826763076974,-1.949286346430083,4.359523272563179
10,1.3522701900939242,-1.0777620416406362,3.7920742821957574
11,6.9860097715100435,12.067239021412428,4.835378241267626
