gen,obj,n,gap,default,degrees,words,gain_degrees,gain_words
1,0,0,,7373.263543831154,,,,
1,1,0,,9113.978248062653,,,,
1,2,0,,12594.639135503663,,,,
1,3,0,,11688.863000579811,,,,
1,4,0,,17370.225823779965,,,,
1,5,0,,7092.641368008337,,,,
1,6,0,,17989.969459389515,,,,
1,7,0,,1860.9793648609648,,,,
1,8,0,,15341.148381086576,,,,
1,9,0,,8535.646909148178,,,,
1,10,0,,5432.029060374102,,,,
1,11,0,,14860.525771192835,,,,
1,12,0,,15777.042691674644,,,,
1,13,0,,23013.81669482775,,,,
1,14,0,,14703.217587323175,,,,
1,15,0,,12896.11285339459,,,,
1,16,0,,9695.216281413837,,,,
1,17,0,,11451.707840667232,,,,
1,18,0,,7207.463098190394,,,,
1,19,0,,15355.09465554552,,,,
2,0,20,0.9160949197052548,9908.00866484117,9789.021252281938,9687.484354691947,1.200921563396107,2.225717776486809
2,1,20,0.9810729176856455,8005.317397275583,8049.577807467696,7695.218691921045,-0.5528876369995811,3.8736590938926714
2,2,20,0.8086764352700649,23380.749939531637,23114.8089996893,22941.61622737606,1.137435456647568,1.8781848883858934
2,3,20,0.604955638735118,11997.649747294403,12001.142426027345,11619.043195402855,-0.029111357695118006,3.155672651445149
2,4,20,0.9787356610612932,6181.6941756437245,6164.8273421283375,6053.609602172109,0.27285130962711585,2.0719978994800057
2,5,20,0.5174843513124652,11782.029597217504,11628.405958573938,11498.961711018821,1.3038809432277023,2.4025392557623015
2,6,20,0.6933928178056792,22174.7518959635,21747.170442945175,21700.46534408338,1.9282355672992229,2.138858437313374
2,7,20,0.3957118146906098,18494.09761306271,18255.84801761,17826.814975768626,1.2882466635432446,3.608084326443535
2,8,20,0.6031574896862241,8165.315605135654,8208.469652882086,7897.480823194136,-0.5285043448815395,3.280152230405648
2,9,20,0.5872800474135029,16699.893262885515,16555.05786198328,16233.94631438758,0.867283392907193,2.7901193209029245
2,10,20,0.9165119933386658,12397.004608071402,12353.875488872629,12073.445455946738,0.3478995173615778,2.609978477494494
2,11,20,0.7939729296202755,23083.352626903463,22780.418507077793,22648.328965301316,1.3123488806933636,1.8845774642593727
2,12,20,0.4637175117867437,10583.30277169366,10423.571624147928,10201.177130755124,1.5092750438261326,3.6106464038861
2,13,20,0.7513232757723342,22117.60773949712,21911.66380273533,21522.257481693196,0.9311311566215292,2.6917479720953867
2,14,20,0.6220580123438253,23182.400365485082,22579.67432380767,22528.187292745155,2.5999293954683615,2.8220247361181228
2,15,20,0.5901426682341916,7604.292843847072,7501.046344462052,7418.84008380448,1.3577396544974019,2.4387903497515717
2,16,20,0.7801638904646638,23377.56178795135,23019.486994522696,22958.963220899263,1.5317029067299972,1.79059976762773
2,17,20,0.6096177500248326,35804.98307228955,35143.54002457194,34960.34538261411,1.847349142386595,2.358994802399796
2,18,20,1.0125212387969087,6333.2512329898,6279.203449335839,6111.300783532109,0.8533971204620343,3.504526210827626
2,19,20,1.3289259834137817,17850.62207554592,17595.801135150214,17582.111132740592,1.427518544268519,1.5042105629090097
3,0,40,0.5521984118128469,10581.61768187786,10197.21141037131,9860.318028042373,3.632774147235414,6.816534820293018
3,1,40,0.5730348195058586,9962.360389371272,9637.209322114843,9610.611952456182,3.2637954716367124,3.5307740652543163
3,2,40,0.5714688929874315,17019.976571771756,16590.97722350511,16406.919214806163,2.5205636826677993,3.6019870790090933
3,3,40,0.4013546618950888,6389.058304091306,6239.921734221899,6224.682099244146,2.33424963071484,2.5727767226963594
3,4,40,0.6390812259068195,5048.449411519494,5144.842451302615,4963.8738116786635,-1.9093593284934656,1.675278742970995
3,5,40,0.5359144536623949,19088.804797478806,18633.336410194584,18503.48323769498,2.3860497926217907,3.066308058538751
3,6,40,0.6489398310031856,9339.21394237147,8917.789033565321,8908.24152230684,4.512423758643855,4.614654110335065
3,7,40,0.5894032135886023,14577.65486801175,14184.241927104515,14013.284436548272,2.6987395741582225,3.8714761501309467
3,8,40,0.516641837234606,26082.95129361212,25873.722559451817,25409.77613680733,0.8021666405961722,2.5809010231509193
3,9,40,0.7101772571182993,16264.531365786519,15834.38837828753,15759.91849034395,2.6446688061595376,3.102535597822717
3,10,40,0.6619363489809772,10123.516072766013,9897.507054411575,9911.471824179074,2.2325150345979186,2.094571165421213
3,11,40,0.5524055355910826,16799.544257298116,16231.572927965472,15987.525495325654,3.38087343700353,4.833576134779383
3,12,40,0.7587607139814941,10894.8421448592,11081.278217605086,10461.685261911398,-1.711232437028536,3.9757976957214543
3,13,40,0.581019961580879,17324.259425584336,16844.84653609521,16688.690484382027,2.7672922559744872,3.6686644178492616
3,14,40,0.5660550186988025,16414.307120387384,16005.701223285716,15851.341376104216,2.489327719439095,3.4297259101722126
3,15,40,1.0145996739110492,8301.926146184254,8201.655876159177,7813.588600173876,1.2077952544924033,5.8822198296094035
3,16,40,0.745881657999482,25660.53088015554,25590.893257391454,24960.483986243536,0.27138028862037555,2.7281076030012374
3,17,40,0.30653753222204,19666.625429093307,19119.472193690573,19048.109720480144,2.7821409289329138,3.1450017230621437
3,18,40,0.5599288916427794,10191.145355963039,9818.519588249232,9692.95561789227,3.6563679027085674,4.888456799208227
3,19,40,0.7170397157305195,10842.984160991942,10501.134525529733,10340.101976743596,3.1527265039455346,4.637857777727693
4,0,60,0.5050136334844842,8269.466901099504,7919.163938474524,7793.261641426604,4.236100909701976,5.758596840258034
4,1,60,0.5942648786328086,3693.881606383481,3774.002831501931,3415.35879924733,-2.16902526004056,7.540111915195917
4,2,60,0.38488321320703,25225.007529563256,26811.22172367563,24166.149669353617,-6.2882605376960115,4.197651314746591
4,3,60,0.46915579868317564,7999.4137495946525,7592.246414870284,7411.714624233247,5.089964683286956,7.346777448424706
4,4,60,0.5666082396988013,11935.774974651653,11817.70994664592,11278.349985662306,0.9891693522747422,5.5080209737996855
4,5,60,0.758340584929221,8544.85449994152,8402.882342710102,8262.542639809979,1.6614929748937315,3.3038814193205273
4,6,60,0.7108436742873188,17276.22332041487,16953.54930839419,16395.896233232168,1.867734666519286,5.095599141407491
4,7,60,0.5234258012897833,14094.620072624304,13404.997812263606,13121.366692508593,4.892804891563824,6.905140933923021
4,8,60,0.5549496643671507,5555.765840015332,5393.346503379392,5429.356354535304,2.9234374038250004,2.2752846163811657
4,9,60,0.6343239838940762,9406.54966969863,9656.237208324848,8760.434984815396,-2.6544008950544105,6.868774498311181
4,10,60,0.2740054520181755,26858.938268927635,26533.816247194263,25942.39258458842,1.2104797981143463,3.412441978019448
4,11,60,0.7932493797407207,15179.30329171442,14312.312249625824,14730.84868519925,5.711665584558417,2.9543820154114555
4,12,60,0.5577730868549097,9323.914684807009,8873.582993738515,8691.642389488956,4.8298564100151316,6.781189196725687
4,13,60,0.6650182959436707,21991.498455618035,21346.85189262383,21132.881092798354,2.9313444206414356,3.9043149540377744
4,14,60,0.42986959736041747,12572.46042884752,12210.49279409404,11745.052121160878,2.8790516924033858,6.581116817740414
4,15,60,0.739932999930664,25709.93899347757,25120.800225823506,24569.693771941784,2.291482557790299,4.435036667434567
4,16,60,0.45661775269246413,5676.935663761933,5502.872252846486,5352.518076368958,3.0661508466012903,5.714660278147201
4,17,60,0.5722695953437786,13793.1327435646,15511.37047095273,13266.15177965985,-12.45719706561804,3.8206038736966548
4,18,60,0.5798457873135188,16457.766106954114,15821.605412016179,15649.592885302323,3.8654133908801236,4.910588815029413
4,19,60,0.7724738241044578,31093.57385215885,31820.829987788617,30027.458000537656,-2.338927455195931,3.428733720640393
5,0,80,0.7119710760284435,17812.611470354386,17733.202533678577,17120.59395425412,0.4458017669557865,3.8849863045179776
5,1,80,0.9563144569270251,34816.57879584347,33991.81659762181,33343.52909653043,2.368877778192618,4.230885831576578
5,2,80,0.5118003325872437,11220.373624615755,10605.653336535686,10406.37661381521,5.478608009375623,7.254633740669407
5,3,80,0.9076124570943382,12137.056937688889,12334.935508478966,11659.31539011343,-1.630366997584149,3.9362223480384304
5,4,80,0.7208290627742175,18425.77068796052,18977.44244604489,17531.378443424503,-2.9940227056273607,4.8540289558711285
5,5,80,0.4716417892873285,10062.70222355029,9744.678144814641,9557.023913779494,3.160424224731203,5.0252735153717385
5,6,80,0.6766316576075992,44679.48158600064,44017.95216061492,42672.542603525995,1.480611237872995,4.491858256259352
5,7,80,0.2882437603726108,11581.775771809553,11829.532974404265,10857.99170045167,-2.1391987504866194,6.249335901663701
5,8,80,0.3142779986799097,10030.38638689414,9448.46412771683,9253.144816636566,5.801593644863563,7.748869687344552
5,9,80,0.3539828386039218,22117.22318542024,22644.09525717123,21174.196753796856,-2.3821800202220036,4.263765047345686
5,10,80,0.8148200462931661,17400.06049102792,16427.26156421318,16576.160755360856,5.590778993649775,4.7350394907644
5,11,80,0.5088934048519843,7289.221104115937,7053.451400166802,6740.414496587812,3.2344979056267764,7.5290157849408
5,12,80,0.6281552164784635,7389.7342647606865,7078.851898316625,6952.2094934493425,4.206949198790023,5.920710483430531
5,13,80,0.4114270354191718,34084.1354670734,32797.49721737711,32805.69159293406,3.7748889096489866,3.7508472977827627
5,14,80,0.7516943531330194,10990.537971335536,10422.252317944609,10284.719450172692,5.170680951861274,6.4220561632532664
5,15,80,0.47755973315568967,13428.72823498272,13006.172075782608,12672.588451995296,3.1466580587975983,5.630762420358096
5,16,80,0.5726803177447487,20389.254744466576,20144.59963554093,19849.18208580828,1.1999217822909545,2.6488101964828643
5,17,80,0.6488130611613225,16907.849284670647,16153.968437335898,16064.821543502341,4.458762522908508,4.986014051666697
5,18,80,0.6179459399975255,17785.028096650476,17080.305034431512,16814.23795553401,3.9624512167719708,5.458468414223649
5,19,80,0.5167640820658252,16461.05769177351,15651.037778345546,15537.337328701225,4.920825432941494,5.611549272036856
6,0,100,0.5325023330796533,9368.550245897086,8989.41992062625,8967.258164034334,4.046840923299473,4.28339573712054
6,1,100,0.5574180666754841,21902.709834489546,21199.658936179825,21011.73388241122,3.209880894293031,4.067879996635544
6,2,100,0.3273409441895101,30394.581391871896,29089.039728394437,30555.838517718097,4.2953105576462605,-0.5305456382739475
6,3,100,0.5175324938260074,22813.131976055753,21986.94491715432,21893.106633635944,3.621541574250232,4.0328760793802925
6,4,100,0.5206219205363551,19776.206225166705,20626.864372533466,18719.845183426707,-4.301422313670227,5.341575779057659
6,5,100,0.5403822509313292,21047.47891927779,20180.424991476597,20151.879317014107,4.11951441370511,4.255139561837907
6,6,100,0.52834759924941,23916.382083132627,26717.26414956248,22900.334857580638,-11.71114450628056,4.248331633188663
6,7,100,0.6650990896630855,7871.970436260925,7312.719050911689,7307.169897244427,7.10433797836864,7.174830540709834
6,8,100,0.53157955797288,7407.657188650065,6988.170335310442,6912.679206048336,5.662881565069673,6.681977445718322
6,9,100,0.6767867275806804,8960.19309646983,8364.395155021391,8312.657965061946,6.649387295940895,7.2267988472592375
6,10,100,0.6554143019837348,24335.476294829692,24420.849556751586,23494.48663712754,-0.3508181261281989,3.455817537792881
6,11,100,0.4541457059548796,9236.133969537586,8804.255263558767,8763.27826121391,4.675968401965931,5.119628081221405
6,12,100,0.5589445034722875,11749.551805359952,10922.827750085266,10807.71717289379,7.036217797665681,8.015919654369387
6,13,100,0.5771867964009028,12179.525156092426,11437.52892464426,11409.793545470682,6.092160588682762,6.319881939212629
6,14,100,0.6011603755704572,27596.049328542686,26622.98816438275,26564.225684716974,3.526088653398278,3.739026668424212
6,15,100,0.503942868848941,11390.349847501671,10853.200885579929,10776.424695676526,4.715824966864908,5.389870899881117
6,16,100,0.490994970741819,15531.060156105812,15033.86951732638,14547.178185258923,3.201266583105521,6.334931169911734
6,17,100,0.7347926448267653,13282.541802598287,12804.330939896254,12729.55987137158,3.600296312325457,4.16322372212323
6,18,100,0.402508992260644,28497.036381391164,26905.518889723593,27081.737428587625,5.584852650526311,4.966477685124279
6,19,100,0.4710659299994758,23614.39994176117,22948.081624925428,22479.613227911883,2.821661013953541,4.805486129852744
7,0,120,0.5494628616995191,4009.1934000162373,3937.2249718091634,3724.9899562661776,1.795084971625026,7.088793565032524
7,1,120,0.5559732060968653,14661.110116176302,13715.916440416722,13597.359857584983,6.446944796606516,7.255591494518772
7,2,120,0.5145758013543316,9209.539067753647,8599.505183328329,8581.4031630633,6.6239350301612365,6.820492318553782
7,3,120,0.6540715033930949,26516.869756076027,31259.73511105581,25770.64664314064,-17.886218843357295,2.8141448059283003
7,4,120,0.5622833455430719,12971.827297390615,11880.518851268293,11869.516639195572,8.412912237444356,8.497728445835705
7,5,120,0.46604947673377545,21389.72881529739,20512.045478440046,20245.89450222167,4.1032934285246565,5.347586792487426
7,6,120,0.3502113732242051,18517.069566756873,17936.506029901757,17499.157620717197,3.135288414627893,5.497154624655632
7,7,120,0.6337466507988005,13607.610804555488,14558.10519880214,13062.526203229787,-6.985020426425267,4.005733329345521
7,8,120,0.6371772483817546,18440.96940871527,17788.65448130947,17624.774049656808,3.5373136463070916,4.425989442142486
7,9,120,0.45779969894983336,26518.542381188843,26590.904001095416,25493.58496840576,-0.2728717848304629,3.865059391462422
7,10,120,0.4458968061274611,9563.4407566946,9295.651670405594,8870.446391332634,2.800133268996806,7.246287011051487
7,11,120,0.4951545171489178,7925.088020485063,7632.327488202166,7300.64634458533,3.6940981794291545,7.879302719233566
7,12,120,0.7210106731994059,32284.797657701172,33073.08013256337,30907.945136796196,-2.441652208014272,4.264708534038292
7,13,120,0.33440491182801385,13070.072697226422,12616.723887611684,12352.681294123462,3.4686020507823336,5.488809586003269
7,14,120,0.6110968190103689,42138.43600932284,46827.76317421214,40592.87040386882,-11.128384460808697,3.6678285950434186
7,15,120,0.5366322174294488,18148.064623298327,20361.751673867628,16916.722057035277,-12.197923561101872,6.78498006163293
7,16,120,0.3281000923183858,9950.71175241742,9589.53181580789,9225.143690388242,3.6296894694169435,7.291619736175233
7,17,120,0.5550650707319252,17524.564275832865,16711.172291917086,16607.385903873874,4.641439131456647,5.233672903490217
7,18,120,0.46013727333800736,22999.396903966444,21977.259606042375,21816.993986200083,4.444191742035606,5.14101705667963
7,19,120,0.6131949034865918,13168.575663328458,12905.242187602125,12560.803472093901,1.9997111491689854,4.6153221637102835
8,0,140,0.4095158793268198,21481.284808565797,20588.76168929502,20333.216412932852,4.154887043417798,5.344505255920006
8,1,140,0.5164156289085544,6977.007971306488,7189.86636498544,6603.299366813459,-3.050854958950159,5.356287480678484
8,2,140,0.4885396798656218,17233.575483873698,16338.831986035737,16292.544257228152,5.191862238194367,5.460452635183655
8,3,140,0.6786672921299125,17358.890499227906,16941.120355855186,16522.74220238243,2.406663855569003,4.816830297320367
8,4,140,0.6216856100115323,39449.61262799315,37993.54378168486,37409.92600413692,3.6909585400467937,5.17035906813666
8,5,140,0.641889298547654,26642.607453333767,24535.14771242096,23993.073058828537,7.910110692446894,9.944726315343043
8,6,140,0.5300713164969639,12862.593708788861,12539.364281826054,11846.148499882078,2.512941279813172,7.902334722834777
8,7,140,0.49480209775372147,15119.75674966428,14636.480499771582,14337.354587844768,3.196322916394996,5.174700722859747
8,8,140,0.4834222109855148,11020.269347661437,10413.21184446809,10283.765067631259,5.508554138217763,6.683178575725723
8,9,140,0.4296738053948464,9650.232714114505,9380.86516293492,8824.301865524458,2.7913062737399637,8.558662501289058
8,10,140,0.6084024830055933,8325.063272292808,7895.657498050514,7754.9405907504515,5.1579881160954955,6.84826845028096
8,11,140,0.38940677906262167,10495.822753128628,10259.041380652017,9733.599053161932,2.2559581849458206,7.262162461151418
8,12,140,0.40299848575021247,10365.285425198657,9585.561507010407,9760.509863777272,7.522454869334258,5.834625257411035
8,13,140,0.5628537024094459,7710.312309620087,7185.907424403609,7101.197535593543,6.801344279688679,7.9000013172820145
8,14,140,0.1621695785449627,14616.304895559122,13618.94012287691,13537.100993041502,6.823645099147066,7.383561784110805
8,15,140,0.6969381543243848,13063.74694806004,12805.82033287625,12118.054922714931,1.9743693460174623,7.2390565211119835
8,16,140,0.49985658234744773,5735.696070548806,5654.807574239644,5242.8392111378935,1.4102646882651624,8.59279943268952
8,17,140,0.45544677221910435,21646.56147488119,20535.895577919317,20339.113374674012,5.13091143020889,6.039980537899049
8,18,140,0.5361873577455086,11640.061983688394,11218.259432723324,10949.899626958457,3.623713959222524,5.929198295482318
8,19,140,0.5760254458555016,22144.808051369873,21041.925389283755,20467.451117315995,4.9803216154673065,7.574492992501314
