house,alone_y1,alone_y2,ancestor_y1,ancestor_y2,pool_y1,pool_y2
0,5575.995711015559,5687.141067190131,8835.021846345,6994.863553496483,5100.92556433758,5260.069660251233
1,16239.932598642901,16104.600442149893,16801.254598768657,17154.31900968158,16229.713565926984,15492.132044931814
2,12595.868930868179,12426.461125257743,26339.720425691885,24145.504942528863,12118.35778157026,11820.687693734772
3,4585.359115335954,4727.660714353425,4680.372161941407,4868.90348960475,4482.549114411066,5020.208229085391
4,20016.651412471634,19946.367933154605,21529.600880335194,19991.395980746915,18411.28367790326,17923.494834766687
5,14933.269237004552,15190.2358316559,15467.255094278882,15224.988652350872,13017.397662959596,13249.489784683614
6,8660.15321073455,8597.02663025837,13545.776669079569,12834.008799322146,8562.57925508553,8467.446701310519
7,6284.166148255515,6225.546444166056,7716.028575021572,7481.148911801214,11511.020530271033,10605.22763248991
8,23457.09164816849,23768.516238102122,26158.447704527898,27487.931305525635,21752.283060918213,22048.13093273236
9,23908.79752774099,23651.433993125796,24202.596664824152,23579.966110321217,22175.225827125498,21536.507951683827
