mode,step,house,rare,broken,alone,anc,fund,g_anc,g_fund
ordinary,1 час,0,none,False,21362.826633411816,16525.99305791099,18431.17504182203,22.641355746134916,13.723144609546356
ordinary,1 час,1,none,False,159071.22203961763,159038.37843577756,158966.4395413155,0.020647106006320106,0.06587143605146638
ordinary,1 час,2,none,False,147287.71623062063,147087.2731641103,146786.08884355242,0.13608946600576818,0.34057652593564935
ordinary,1 час,3,none,False,8396.436605320907,9357.207590816017,8528.666755126178,-11.442603936129995,-1.5748365172134515
ordinary,1 час,4,none,False,14770.048266754464,13231.436569377896,13420.131585669766,10.417106766264201,9.139554974394988
ordinary,1 час,5,none,False,9999.453990184957,10259.241430927865,9793.985119988793,-2.598016261666932,2.054800896107364
ordinary,1 час,6,none,False,12236.300847480707,13446.247267919267,12495.330069065592,-9.888171560342702,-2.116891573797947
ordinary,1 час,7,none,False,33167.232734829755,32780.87442094325,32609.16116509214,1.1648795574096305,1.6825991308933328
ordinary,1 час,8,none,False,31071.17338982679,31302.29617096703,30982.389539392258,-0.7438495425985929,0.28574347457248006
ordinary,1 час,9,none,False,8691.231791633581,9396.217484347113,8617.19875694967,-8.111458877350046,0.8518129128160773
ordinary,10 мин,0,none,False,12325.08371345622,12966.888445788583,12238.313741573735,-5.207305258557036,0.7040112172848998
ordinary,10 мин,1,none,False,163217.64439614475,163169.2986881084,163162.91521296912,0.02962039319659526,0.033531413456009226
ordinary,10 мин,2,none,False,153450.37457587753,153419.9573399346,153348.03209890373,0.01982219725888985,0.06669418517658879
ordinary,10 мин,3,none,False,8110.824370164043,9123.898813432168,8199.977323889052,-12.490400445542322,-1.0991848627984262
ordinary,10 мин,4,none,False,11703.312121099389,11732.88492543382,11394.312073599676,-0.2526874787959902,2.640278617731041
ordinary,10 мин,5,none,False,7725.189770830168,8496.281842297523,7798.163643178492,-9.981529183644795,-0.9446223913342426
ordinary,10 мин,6,none,False,12175.981851777902,13275.52200834458,12256.85654244835,-9.030402393431016,-0.6642149409793857
ordinary,10 мин,7,none,False,32224.870507423857,32359.49262955569,31927.23444701608,-0.41775845802334555,0.9236222076957911
ordinary,10 мин,8,none,False,31705.004906534108,31760.974691084935,31558.564801614284,-0.17653296290546328,0.4618832432025397
ordinary,10 мин,9,none,False,8149.119238816804,8997.137634578832,8227.812004555659,-10.406258282768173,-0.96565976558567
rare,1 час,0,heat,False,9938.40486352377,12383.038321892072,9993.950212196212,-24.59784534780494,-0.5588960143524242
rare,1 час,1,heat,False,52912.83466248767,53150.46702336891,52897.926598202146,-0.4491015504971737,0.028174760208216666
rare,1 час,2,heat,False,44195.57761903533,45886.59399828839,44184.61999000848,-3.826211739621492,0.024793496583073445
rare,1 час,3,cold,False,14159.475062131685,14714.738817949083,14131.56845534827,-3.92149958512518,0.19708786279831383
rare,1 час,4,cold,False,28053.413163690857,34328.63127267695,28015.683248985253,-22.368822190620346,0.13449313452680703
rare,1 час,5,cold,True,25196.51091241898,27878.514577400874,25142.06016886523,-10.644345458402238,0.21610430008748138
rare,1 час,6,cold,False,21507.97711690145,22125.474690354025,21454.927528027,-2.8710165074861114,0.2466507593257598
rare,1 час,7,heat,False,16432.208735297507,18458.562384193152,16427.20140176322,-12.33159632729652,0.03047267482386448
rare,1 час,8,heat,False,16484.063638547334,16917.319971162993,16443.853524103062,-2.628334506077171,0.2439332638236214
rare,1 час,9,heat,False,4571.305307155946,4801.103568950638,4546.592351798823,-5.0269725243458225,0.5406104754901684
rare,10 мин,0,heat,False,7292.886914518393,7936.72881270886,7221.112403374178,-8.828354336726814,0.984171453438126
rare,10 мин,1,heat,False,55632.7901828637,55962.41214267215,55595.50495860533,-0.5924958261575415,0.06702023057950693
rare,10 мин,2,heat,False,48261.82607269273,48852.01129262528,48227.72786033122,-1.222882074630988,0.07065255324187507
rare,10 мин,3,cold,False,13838.465443981935,14398.322299351395,13762.972511626022,-4.045657068233174,0.5455296518353768
rare,10 мин,4,cold,False,25411.911964126346,27609.843074096327,25381.198213907945,-8.649215820803922,0.12086359445034905
rare,10 мин,5,cold,True,23053.686515374953,24030.0417750012,23014.563729913185,-4.23513722620933,0.16970294723005133
rare,10 мин,6,cold,False,21528.654701039275,22033.013679882442,21418.103397902105,-2.3427333748765076,0.5135077164474816
rare,10 мин,7,heat,False,14322.637530412347,15198.527737322867,14196.149519697718,-6.115425354098896,0.8831335041890679
rare,10 мин,8,heat,False,16546.164059048904,16936.39626552417,16488.9078882575,-2.3584451664000796,0.34603894042794836
rare,10 мин,9,heat,False,4360.111165746628,4527.209156993805,4314.471303877711,-3.832425020717624,1.0467591337456612
