donor,receiver,distance,scratch,as_is,tuned,default,own,gain_as_is,gain_tuned
1,0,1.004081168537618,2640.0817405071766,2502.038523684845,2423.823794609835,3078.8118210196703,2400.0662822890467,5.228747833989886,8.191335237059626
2,0,0.986825760901655,2640.0817405071766,4783.243480904333,2397.7691949813443,3078.8118210196703,2400.0662822890467,-81.17785550024075,9.178221333377449
3,0,1.343273646076388,2640.0817405071766,2421.6685625109853,2391.597729856076,3078.8118210196703,2400.0662822890467,8.27297028895146,9.411981713996672
4,0,1.1509073349536012,2640.0817405071766,2489.832941908557,2406.090502163475,3078.8118210196703,2400.0662822890467,5.691066162586153,8.863030062802167
5,0,1.5233891393615415,2640.0817405071766,2482.733704169605,2401.7871577021,3078.8118210196703,2400.0662822890467,5.959968357167002,9.026030487953703
6,0,1.4494763724870563,2640.0817405071766,2900.336456421783,2400.6348844872145,3078.8118210196703,2400.0662822890467,-9.857827957425664,9.06967584927741
7,0,1.5882419728792958,2640.0817405071766,2591.660807185576,2444.8166147396587,3078.8118210196703,2400.0662822890467,1.8340694751481017,7.3961772763144165
8,0,1.358274625896097,2640.0817405071766,2773.1188165554076,2390.9544649685154,3078.8118210196703,2400.0662822890467,-5.039127160611086,9.43634705381517
9,0,1.3743887878684804,2640.0817405071766,2533.794586057562,2406.7968668222425,3078.8118210196703,2400.0662822890467,4.02590392633814,8.836274654136982
0,1,1.004081168537618,7676.96101702337,7727.895781297973,7676.104191359582,9459.454093082724,7676.375885166748,-0.6634756143955591,0.011161000581977784
2,1,1.1290854463685285,7676.96101702337,8246.868304969474,7676.099098332797,9459.454093082724,7676.375885166748,-7.423605339174653,0.011227342286372089
3,1,1.0906099823785165,7676.96101702337,7746.13707567853,7676.120591979643,9459.454093082724,7676.375885166748,-0.9010864911488373,0.010947366306320934
4,1,1.408090489638255,7676.96101702337,7790.026235572853,7676.960684164627,9459.454093082724,7676.375885166748,-1.4727861493469219,4.33581389767189e-06
5,1,1.3492955627079726,7676.96101702337,7688.984464987003,7676.890379317878,9459.454093082724,7676.375885166748,-0.15661728562866636,0.0009201258849104644
6,1,1.7814805498342505,7676.96101702337,7837.556794889006,7676.337682097434,9459.454093082724,7676.375885166748,-2.0919186317283707,0.008119553095999987
7,1,1.6770198462024068,7676.96101702337,7676.96101702337,7676.893986597586,9459.454093082724,7676.375885166748,0.0,0.0008731375036958517
8,1,1.4651038843403814,7676.96101702337,7857.871736042045,7676.27589191285,9459.454093082724,7676.375885166748,-2.356540805893275,0.008924431282127252
9,1,1.2001889027778565,7676.96101702337,7676.682273464283,7676.682273464283,9459.454093082724,7676.375885166748,0.003630910180070704,0.003630910180070704
0,2,0.986825760901655,16550.70721098609,16558.067447054586,16550.70721098609,18364.270990980745,16550.70721098609,-0.04447082517181321,0.0
1,2,1.1290854463685285,16550.70721098609,16550.70721098609,16550.70721098609,18364.270990980745,16550.70721098609,0.0,0.0
3,2,1.5071844037497126,16550.70721098609,16562.636037011303,16550.70721098609,18364.270990980745,16550.70721098609,-0.07207441877345314,0.0
4,2,1.4872029324780565,16550.70721098609,16568.4991660285,16550.70721098609,18364.270990980745,16550.70721098609,-0.10749966642272632,0.0
5,2,1.2300036068960747,16550.70721098609,16550.70721098609,16550.70721098609,18364.270990980745,16550.70721098609,0.0,0.0
6,2,1.9291742601286224,16550.70721098609,16564.79226244599,16550.70721098609,18364.270990980745,16550.70721098609,-0.08510241453942911,0.0
7,2,1.380223594730853,16550.70721098609,16550.70721098609,16550.70721098609,18364.270990980745,16550.70721098609,0.0,0.0
8,2,1.807209564859723,16550.70721098609,16581.883304874584,16550.70721098609,18364.270990980745,16550.70721098609,-0.18836714039506616,0.0
9,2,1.2416352416496106,16550.70721098609,16550.70721098609,16550.70721098609,18364.270990980745,16550.70721098609,0.0,0.0
0,3,1.343273646076388,1132.2995286301625,1036.2301320437916,1020.5659611261082,1609.8602241914455,996.2978384244665,8.484450815111975,9.867845448918256
1,3,1.0906099823785165,1132.2995286301625,1135.1829068179209,1027.2335852042502,1609.8602241914455,996.2978384244665,-0.254648007426676,9.278988533450985
2,3,1.5071844037497126,1132.2995286301625,1983.5734086467123,1041.05858125567,1609.8602241914455,996.2978384244665,-75.18097981074028,8.058022198849999
4,3,1.192403832244263,1132.2995286301625,1131.0229910196083,1006.4911142092653,1609.8602241914455,996.2978384244665,0.11273850940294472,11.110877576103748
5,3,1.1903302926060289,1132.2995286301625,1113.9196432929778,1012.8961358144007,1609.8602241914455,996.2978384244665,1.6232352723329704,10.545212622336251
6,3,1.7684267057225878,1132.2995286301625,1159.5855947044975,1004.9241533404092,1609.8602241914455,996.2978384244665,-2.409792231155053,11.249265063622337
7,3,1.647075065734375,1132.2995286301625,1228.5572591239952,1037.181026870495,1609.8602241914455,996.2978384244665,-8.501083685010778,8.400471726305515
8,3,1.5883707562167062,1132.2995286301625,1439.8160455388856,1040.4534926965432,1609.8602241914455,996.2978384244665,-27.158583849341667,8.111461111772531
9,3,1.3608632054797907,1132.2995286301625,1166.3326695845485,1013.633176316889,1609.8602241914455,996.2978384244665,-3.0056659120540954,10.480120260831875
0,4,1.1509073349536012,2133.7292415375987,2211.5612328271814,2180.869927564796,2669.0665172943254,2120.6245573802194,-3.6476976447815717,-2.2093096494861246
1,4,1.408090489638255,2133.7292415375987,2356.024822937099,2195.3940041729306,2669.0665172943254,2120.6245573802194,-10.418171953218899,-2.889999416743961
2,4,1.4872029324780565,2133.7292415375987,4332.1792951759635,2141.1015747761867,2669.0665172943254,2120.6245573802194,-103.03322515532136,-0.34551399938988414
3,4,1.192403832244263,2133.7292415375987,2181.985568583651,2112.4936447630703,2669.0665172943254,2120.6245573802194,-2.2615956189117066,0.9952339013372521
5,4,1.2297723570860628,2133.7292415375987,2333.8360855592496,2130.661799136166,2669.0665172943254,2120.6245573802194,-9.378267876080226,0.1437596833618099
6,4,1.8767548912570557,2133.7292415375987,2607.086870811506,2108.468097863519,2669.0665172943254,2120.6245573802194,-22.184521824933995,1.1838963998954397
7,4,1.8258002539935188,2133.7292415375987,2463.0111287366412,2087.259234081834,2669.0665172943254,2120.6245573802194,-15.432224519815685,2.1778774247044344
8,4,1.3572959679303604,2133.7292415375987,2246.578864004606,2089.755225275726,2669.0665172943254,2120.6245573802194,-5.288844538948453,2.060899546475934
9,4,1.358944015255884,2133.7292415375987,2389.0334358616415,2150.1249930693257,2669.0665172943254,2120.6245573802194,-11.96516359030008,-0.7684082503322665
0,5,1.5233891393615415,4869.458571269113,4978.8863174783955,4868.190910014821,6634.396347002044,4861.414476705624,-2.247226146556217,0.026032899463840495
1,5,1.3492955627079726,4869.458571269113,4871.328787889748,4864.520883167591,6634.396347002044,4861.414476705624,-0.038407075309554645,0.10140117282557413
2,5,1.2300036068960747,4869.458571269113,5856.051362716357,4865.874598034665,6634.396347002044,4861.414476705624,-20.260831404714285,0.07360106225350513
3,5,1.1903302926060289,4869.458571269113,5009.497294771433,4865.821184792141,6634.396347002044,4861.414476705624,-2.8758581976357602,0.07469796536381858
4,5,1.2297723570860628,4869.458571269113,5374.601465901709,4861.488719982912,6634.396347002044,4861.414476705624,-10.37369734723797,0.16367017337872714
6,5,2.174462691704893,4869.458571269113,5198.079004249709,4861.630652458514,6634.396347002044,4861.414476705624,-6.748603118209681,0.1607554247773128
7,5,1.395195816955324,4869.458571269113,4878.689840481981,4861.415211692553,6634.396347002044,4861.414476705624,-0.18957485884230674,0.16517975168774324
8,5,1.5083902300972014,4869.458571269113,5927.147565677511,4873.260955298234,6634.396347002044,4861.414476705624,-21.720874691264395,-0.07808638216075275
9,5,1.3519325262554391,4869.458571269113,4871.67706329895,4863.108863114079,6634.396347002044,4861.414476705624,-0.045559316243626094,0.13039864827064576
0,6,1.4494763724870563,696.793106069746,645.1421504617364,621.3577007575693,897.6884837000389,600.2696920163252,7.412667427114243,10.826083762175735
1,6,1.7814805498342505,696.793106069746,688.2634292019673,630.3933741878938,897.6884837000389,600.2696920163252,1.2241333608896245,9.529332495319775
2,6,1.9291742601286224,696.793106069746,659.5159197881777,625.6547020290458,897.6884837000389,600.2696920163252,5.349821339626894,10.209401244216618
3,6,1.7684267057225878,696.793106069746,624.6354510744587,621.7304841824333,897.6884837000389,600.2696920163252,10.355678660813936,10.772583889456461
4,6,1.8767548912570557,696.793106069746,642.2030275744161,609.0194567905459,897.6884837000389,600.2696920163252,7.834474540548301,12.596802194884862
5,6,2.174462691704893,696.793106069746,673.8352611742428,603.8535202633997,897.6884837000389,600.2696920163252,3.2947864574890477,13.338189628564368
7,6,2.0761975471739675,696.793106069746,737.2376211820726,618.3016609667245,897.6884837000389,600.2696920163252,-5.804379343023849,11.264670160953754
8,6,1.701379994444241,696.793106069746,628.9832105207091,617.9798523158586,897.6884837000389,600.2696920163252,9.731711602532624,11.310854408194817
9,6,1.5586787766164287,696.793106069746,696.7033026296639,608.2576654144501,897.6884837000389,600.2696920163252,0.012888106856954955,12.706130397110144
0,7,1.5882419728792958,4703.634248374794,4883.73722451421,4563.095130703659,6710.721265123297,4561.565304422262,-3.8290174496804266,2.9878836289129804
1,7,1.6770198462024068,4703.634248374794,4588.46370519523,4562.220395243737,6710.721265123297,4561.565304422262,2.448543766330416,3.0064806416425514
2,7,1.380223594730853,4703.634248374794,5128.108032416461,4562.240146023498,6710.721265123297,4561.565304422262,-9.024379057286016,3.006060736974837
3,7,1.647075065734375,4703.634248374794,4957.465755336276,4557.284297564054,6710.721265123297,4561.565304422262,-5.396497549723091,3.111422850560857
4,7,1.8258002539935188,4703.634248374794,5407.612716149463,4548.557521984926,6710.721265123297,4561.565304422262,-14.96669236171815,3.2969554646696904
5,7,1.395195816955324,4703.634248374794,4566.527743500422,4562.34954005182,6710.721265123297,4561.565304422262,2.914905743824477,3.0037350028180954
6,7,2.0761975471739675,4703.634248374794,5083.718407961444,4550.098871284144,6710.721265123297,4561.565304422262,-8.080648696653608,3.2641861374255483
8,7,1.4947990869422005,4703.634248374794,5963.328963431677,4549.684735753073,6710.721265123297,4561.565304422262,-26.781306720269214,3.2729907236072524
9,7,1.3608437669004025,4703.634248374794,4562.526273771341,4562.217209848187,6710.721265123297,4561.565304422262,2.9999776162912486,3.0065483636502908
0,8,1.358274625896097,1825.1288803385228,1996.26106846746,1822.4825917599294,2138.1735426816726,1738.673527761765,-9.376444040335162,0.14499187466161592
1,8,1.4651038843403814,1825.1288803385228,2187.774230223896,1817.716359656089,2138.1735426816726,1738.673527761765,-19.869574899177007,0.4061368357208224
2,8,1.807209564859723,1825.1288803385228,3319.9550546257296,1750.475425624522,2138.1735426816726,1738.673527761765,-81.90249962018838,4.09031140311331
3,8,1.5883707562167062,1825.1288803385228,1934.5610470582271,1807.0262547177638,2138.1735426816726,1738.673527761765,-5.995859684134032,0.9918546474044806
4,8,1.3572959679303604,1825.1288803385228,1862.0824135547632,1793.00822985523,2138.1735426816726,1738.673527761765,-2.024708151535377,1.759911359100028
5,8,1.5083902300972014,1825.1288803385228,2149.8860545346233,1896.9127480421582,2138.1735426816726,1738.673527761765,-17.793657077842358,-3.933084861947999
6,8,1.701379994444241,1825.1288803385228,1991.2895857173896,1793.7939868638655,2138.1735426816726,1738.673527761765,-9.104053262696032,1.7168592208592597
7,8,1.4947990869422005,1825.1288803385228,2337.717255628441,1837.4209416169397,2138.1735426816726,1738.673527761765,-28.085050914039766,-0.673490042858616
9,8,1.5263963121630906,1825.1288803385228,2228.658476200278,1796.8291366507194,2138.1735426816726,1738.673527761765,-22.10964936278413,1.5505613873445667
0,9,1.3743887878684804,11716.038235425765,11737.337068838975,11699.718854771329,13558.831064569833,11696.992755164047,-0.18179211253176353,0.13929094738776068
1,9,1.2001889027778565,11716.038235425765,11699.056442077748,11696.992755164047,13558.831064569833,11696.992755164047,0.14494484404010685,0.1625590483661184
2,9,1.2416352416496106,11716.038235425765,11722.510130926234,11696.992755164047,13558.831064569833,11696.992755164047,-0.055239624269056896,0.1625590483661184
3,9,1.3608632054797907,11716.038235425765,11753.919409354141,11696.992755164047,13558.831064569833,11696.992755164047,-0.32332750343741906,0.1625590483661184
4,9,1.358944015255884,11716.038235425765,11887.115196604742,11696.992755164047,13558.831064569833,11696.992755164047,-1.4601946301411972,0.1625590483661184
5,9,1.3519325262554391,11716.038235425765,11696.992755164047,11696.992755164047,13558.831064569833,11696.992755164047,0.1625590483661184,0.1625590483661184
6,9,1.5586787766164287,11716.038235425765,11764.209332219682,11696.992755164047,13558.831064569833,11696.992755164047,-0.4111551688885863,0.1625590483661184
7,9,1.3608437669004025,11716.038235425765,11696.992755164047,11696.75455005013,13558.831064569833,11696.992755164047,0.1625590483661184,0.16459220248469444
8,9,1.5263963121630906,11716.038235425765,12270.709452490733,11696.75455005013,13558.831064569833,11696.992755164047,-4.7342899188209335,0.16459220248469444
