donor,receiver,distance,scratch,as_is,tuned,own,gain_as_is,gain_tuned
1,0,1.3392895157865552,6617.240207989167,8923.252927851772,8876.376316589382,6282.809047118897,-34.848556911663806,-34.14015567808314
2,0,1.3252514080034292,6617.240207989167,8276.758860247903,8183.413260220478,6282.809047118897,-25.078712576508185,-23.668070116911114
3,0,1.2509667952919672,6617.240207989167,7283.163851084892,7270.151101689021,6282.809047118897,-10.063464860951207,-9.866815669039447
4,0,1.3635781574987635,6617.240207989167,6752.630495340083,6631.0617763827695,6282.809047118897,-2.046023464396165,-0.2088720971155797
5,0,1.1555734836840432,6617.240207989167,7270.468413982141,7163.031923861185,6282.809047118897,-9.8716109051673,-8.248026348100055
6,0,1.2026065286406795,6617.240207989167,6335.994221435129,6333.27521477275,6282.809047118897,4.250200653355201,4.291290391326268
7,0,0.9404689108013582,6617.240207989167,8304.357873147803,7947.741952198896,6282.809047118897,-25.49578996878086,-20.106595837391232
8,0,1.5341265775237738,6617.240207989167,7561.514555235609,7560.378473348231,6282.809047118897,-14.269911890252898,-14.252743375106562
9,0,0.8443066430895662,6617.240207989167,6311.68243088547,6303.22468149226,6282.809047118897,4.61760140934266,4.745415258128124
0,1,1.3392895157865552,1518.7276675617472,1663.7646330027271,1641.7756374015594,1200.0822758885104,-9.549899467745298,-8.102043076449672
2,1,1.3982654164213129,1518.7276675617472,1508.8765177711794,1464.4404886531267,1200.0822758885104,0.6486449151468671,3.574517016324345
3,1,1.8066365617844868,1518.7276675617472,1544.1821823217192,1482.9690725717455,1200.0822758885104,-1.6760420780927838,2.3545100121479066
4,1,1.6436986106648028,1518.7276675617472,1838.7083057457944,1686.4864619054254,1200.0822758885104,-21.068993804383805,-11.046008967032762
5,1,1.4618702259113512,1518.7276675617472,1943.661411100708,1722.3652847364153,1200.0822758885104,-27.979587954776235,-13.40843533203024
6,1,1.8580563539750443,1518.7276675617472,1604.6512363437382,1542.9866183774695,1200.0822758885104,-5.657602124279307,-1.5973206608311161
7,1,1.2827123252207524,1518.7276675617472,1556.1342415272006,1436.8154995962893,1200.0822758885104,-2.4630205114724784,5.393473083753351
8,1,1.428078322125661,1518.7276675617472,1725.909342112158,1647.1843045345363,1200.0822758885104,-13.641792335490408,-8.45817454415779
9,1,1.1982319127212517,1518.7276675617472,1613.3857695418315,1534.7860614242118,1200.0822758885104,-6.232723878142931,-1.0573583536701874
0,2,1.3252514080034292,6079.85043825813,4883.964117132731,4850.514387149328,4104.728560373882,19.669666766803218,20.219840333128413
1,2,1.3982654164213129,6079.85043825813,6751.644515805255,6453.773930173379,4104.728560373882,-11.049516503231493,-6.1502087216207455
3,2,1.6095358024696442,6079.85043825813,5532.274362019427,5375.461072672899,4104.728560373882,9.0064070127946,11.585636402382265
4,2,1.3072874493213904,6079.85043825813,6232.195196417097,5878.752907320771,4104.728560373882,-2.5057320028848076,3.307606543607247
5,2,1.3907598415144837,6079.85043825813,6334.353545448092,6195.500406583653,4104.728560373882,-4.186009339777049,-1.9021844287119667
6,2,1.5198733620495744,6079.85043825813,5569.773654726763,5107.772698546432,4104.728560373882,8.389627157958572,15.98851401993035
7,2,1.6380003946143111,6079.85043825813,6440.75541987882,6168.143114354976,4104.728560373882,-5.93608321924591,-1.452217895710959
8,2,1.528331418198515,6079.85043825813,6005.611005676483,5758.37924378369,4104.728560373882,1.2210733361874793,5.287485238971462
9,2,1.7404900290686256,6079.85043825813,5496.103646719367,5355.550407696275,4104.728560373882,9.601334727997125,11.913122500581878
0,3,1.2509667952919672,2397.6138633666133,2529.029170758169,2455.598331066068,2087.1959420902967,-5.48108723424834,-2.4184239416281934
1,3,1.8066365617844868,2397.6138633666133,4364.760400263327,3621.6401788177463,2087.1959420902967,-82.04601111767606,-51.051853434498184
2,3,1.6095358024696442,2397.6138633666133,2477.1996739233587,2443.1112184472845,2087.1959420902967,-3.3193756414552453,-1.897609776779738
4,3,1.6361274494365603,2397.6138633666133,2659.696709117621,2255.910688050134,2087.1959420902967,-10.930986417596195,5.910175006975749
5,3,1.7206802737129632,2397.6138633666133,3001.2958635881887,2466.6590329692735,2087.1959420902967,-25.178449684717556,-2.8797451773869205
6,3,1.3161742659132165,2397.6138633666133,2293.95378510629,2231.820859319191,2087.1959420902967,4.323468421840401,6.914916808773517
7,3,1.2962432658162135,2397.6138633666133,2410.233151904097,2312.0539296494267,2087.1959420902967,-0.5263269757609993,3.5685451700319866
8,3,1.945723446454527,2397.6138633666133,2151.603558157345,2132.729591721176,2087.1959420902967,10.260630744928728,11.047828663849137
9,3,1.6683829982083462,2397.6138633666133,2312.8304116556437,2286.340234346498,2087.1959420902967,3.536159554563165,4.641015416213437
0,4,1.3635781574987635,15806.519287551899,15745.422640952636,15744.318274475838,15742.36986641531,0.3865281501119465,0.3935149285209556
1,4,1.6436986106648028,15806.519287551899,16050.967621963438,15990.164376008799,15742.36986641531,-1.5465032494791562,-1.1618312995798277
2,4,1.3072874493213904,15806.519287551899,15986.583255878908,15968.544336228308,15742.36986641531,-1.139175330452511,-1.0250520416851574
3,4,1.6361274494365603,15806.519287551899,15859.339007409431,15842.775638132578,15742.36986641531,-0.3341641438993448,-0.22937592977368668
5,4,0.7473236031482048,15806.519287551899,15764.428222072936,15753.08752981601,15742.36986641531,0.2662892741484852,0.33803620369455983
6,4,1.7437080016207112,15806.519287551899,15742.36986641531,15742.36986641531,15742.36986641531,0.4058415389851677,0.4058415389851677
7,4,1.7028399849238813,15806.519287551899,15789.923511668112,15766.953414364318,15742.36986641531,0.10499323463867448,0.2503136362142696
8,4,1.8000743078262629,15806.519287551899,15774.490804082076,15774.490804082076,15742.36986641531,0.2026283135911305,0.2026283135911305
9,4,1.4136927103861414,15806.519287551899,15749.623278933888,15749.623278933888,15742.36986641531,0.3599527991138299,0.3599527991138299
0,5,1.1555734836840432,18496.063320418372,18480.75602499661,18480.75602499661,18480.724026475877,0.08275974815063651,0.08275974815063651
1,5,1.4618702259113512,18496.063320418372,18614.648249661815,18614.648249661815,18480.724026475877,-0.6411360471097308,-0.6411360471097308
2,5,1.3907598415144837,18496.063320418372,18503.175185262728,18500.676876590867,18480.724026475877,-0.03845069472974982,-0.02494344927659262
3,5,1.7206802737129632,18496.063320418372,18496.9129154236,18490.34549208564,18480.724026475877,-0.004593382875639069,0.030913758423511826
4,5,0.7473236031482048,18496.063320418372,18480.724026475877,18480.724026475877,18480.724026475877,0.08293274994123856,0.08293274994123856
6,5,1.7098201697828905,18496.063320418372,18480.724026475877,18480.724026475877,18480.724026475877,0.08293274994123856,0.08293274994123856
7,5,1.4523936860230864,18496.063320418372,18497.599356389146,18495.793049765292,18480.724026475877,-0.008304664317828826,0.0014612333900348036
8,5,1.589316104793808,18496.063320418372,18498.30532379058,18489.562134934273,18480.724026475877,-0.012121516526888493,0.03514902264052423
9,5,1.2964396417201396,18496.063320418372,18485.26532151914,18485.26532151914,18480.724026475877,0.058379984498179924,0.058379984498179924
0,6,1.2026065286406795,2957.1144147092637,2737.148564902317,2719.0157755409537,2678.6704638082997,7.438530234501363,8.051722245982806
1,6,1.8580563539750443,2957.1144147092637,4974.0590644093445,4720.488235041181,2678.6704638082997,-68.20651374418944,-59.63157230442461
2,6,1.5198733620495744,2957.1144147092637,3750.5854427705917,3457.276680642306,2678.6704638082997,-26.83261168774696,-16.913862495314273
3,6,1.3161742659132165,2957.1144147092637,3103.887880694413,2984.867814063037,2678.6704638082997,-4.96340166126375,-0.9385297780742716
4,6,1.7437080016207112,2957.1144147092637,3025.0940291925954,2897.161544571856,2678.6704638082997,-2.298849653743117,2.027411243852797
5,6,1.7098201697828905,2957.1144147092637,3339.70552136259,3154.0618247697803,2678.6704638082997,-12.937987950356048,-6.660121403516273
7,6,1.6412067870945337,2957.1144147092637,3951.999501787654,3796.212414953908,2678.6704638082997,-33.64378064405077,-28.375567616552388
8,6,1.4296893184143913,2957.1144147092637,3163.664648395258,3120.9341495307335,2678.6704638082997,-6.984857692978444,-5.539851079369758
9,6,1.6282412451469324,2957.1144147092637,2684.29096269325,2684.159333292735,2678.6704638082997,9.226002573959821,9.230453852539382
0,7,0.9404689108013582,2578.148608715157,2709.1165746416814,2629.6215227434823,2086.7471899214243,-5.07992306897287,-1.9965068675376796
1,7,1.2827123252207524,2578.148608715157,3908.1298767093826,3697.1649334630224,2086.7471899214243,-51.586679817383896,-43.4038721028396
2,7,1.6380003946143111,2578.148608715157,2370.181539367299,2313.2191426935797,2086.7471899214243,8.066527609961945,10.275957915149323
3,7,1.2962432658162135,2578.148608715157,2151.698687910642,2135.0919351959583,2086.7471899214243,16.54093636662163,17.185071179430572
4,7,1.7028399849238813,2578.148608715157,2786.8584417576217,2503.333608213561,2086.7471899214243,-8.095337574294332,2.9018885974490294
5,7,1.4523936860230864,2578.148608715157,3070.291103857357,2378.767210407686,2086.7471899214243,-19.088988643965855,7.733510691877242
6,7,1.6412067870945337,2578.148608715157,2424.385413841517,2407.648775087928,2086.7471899214243,5.964093549683664,6.613266320291728
8,7,1.7286103940417303,2578.148608715157,2270.9071548546704,2222.3952057555125,2086.7471899214243,11.917135141934395,13.798793512408789
9,7,1.2853861102571997,2578.148608715157,2465.893884632359,2456.3021978038432,2086.7471899214243,4.3540827593620035,4.726120538568838
0,8,1.5341265775237738,954.2288496587607,971.4984568928668,902.9937023429826,738.5470736285313,-1.8097972242488567,5.369272510897171
1,8,1.428078322125661,954.2288496587607,2647.930635518268,2008.2746183980285,738.5470736285313,-177.49429672611424,-110.4604801160856
2,8,1.528331418198515,954.2288496587607,1116.8934575459057,1037.9203227679768,738.5470736285313,-17.04670823412172,-8.77058717509377
3,8,1.945723446454527,954.2288496587607,787.3433556758139,781.2430634835064,738.5470736285313,17.48904301548065,18.128333285785203
4,8,1.8000743078262629,954.2288496587607,942.2439293905024,822.7870901649587,738.5470736285313,1.2559796607013285,13.774657886397645
5,8,1.589316104793808,954.2288496587607,1213.332059504875,956.1907139257858,738.5470736285313,-27.153151986420383,-0.20559683012377986
6,8,1.4296893184143913,954.2288496587607,818.931721373663,804.8183313577377,738.5470736285313,14.178687673662454,15.657723863039068
7,8,1.7286103940417303,954.2288496587607,1135.6630321812986,1061.9412787228307,738.5470736285313,-19.01369703791916,-11.287903221809813
9,8,1.563585737654838,954.2288496587607,837.8765099768076,805.598779137194,738.5470736285313,12.193337030583553,15.575935539437728
0,9,0.8443066430895662,3385.915033489665,2919.459815186986,2900.596722622251,2867.551514627792,13.77634151149773,14.333446234391317
1,9,1.1982319127212517,3385.915033489665,6720.414350848568,6166.045453343654,2867.551514627792,-98.48148238741328,-82.1086882676046
2,9,1.7404900290686256,3385.915033489665,5518.021159960392,5391.661805233559,2867.551514627792,-62.96986502562321,-59.237953460299565
3,9,1.6683829982083462,3385.915033489665,4234.7750967039265,4084.815827171611,2867.551514627792,-25.070329728250478,-20.64141559280742
4,9,1.4136927103861414,3385.915033489665,3615.7788138962087,3367.097367649887,2867.551514627792,-6.788823054713119,0.5557630848280207
5,9,1.2964396417201396,3385.915033489665,4202.651056440788,3886.688100066297,2867.551514627792,-24.12157466660825,-14.789888748641001
6,9,1.6282412451469324,3385.915033489665,2911.958912064192,2900.1540642406026,2867.551514627792,13.997874038114707,14.3465197574204
7,9,1.2853861102571997,3385.915033489665,5566.6920706124265,4358.021087983939,2867.551514627792,-64.4073172407744,-28.710290863157923
8,9,1.563585737654838,3385.915033489665,4236.353809920362,4116.0964471517445,2867.551514627792,-25.116955624081328,-21.56526098380928
